Dataset,c,k,m,M_NUM,PIVOT,Q_NUM,R_MIN,RATIO,RECALL,AVG_TIME,COST,DATE
audio,1.5,1,15,16,5,100,3,1.00033,0.99,3.75451,0.0461695,834.651,
audio,1.5,10,15,16,5,100,3,1.00067,0.981,3.75451,0.0461695,834.651,
audio,1.5,20,15,16,5,100,3,1.00127,0.9615,3.75451,0.0461695,834.651,
audio,1.5,30,15,16,5,100,3,1.00127,0.642333,3.75451,0.0461695,834.651,
audio,1.5,40,15,16,5,100,3,1.00127,0.64825,3.75451,0.0461695,834.651,
audio,1.5,50,15,16,5,100,3,1.00127,0.6854,3.75451,0.0461695,834.651,
audio,1.5,60,15,16,5,100,3,1.00127,0.643333,3.75451,0.0461695,834.651,
audio,1.5,70,15,16,5,100,3,1.00127,0.576571,3.75451,0.0461695,834.651,
audio,1.5,80,15,16,5,100,3,1.00127,0.629,3.75451,0.0461695,834.651,
audio,1.5,90,15,16,5,100,3,1.00127,0.615444,3.75451,0.0461695,834.651,
audio,1.5,100,15,16,5,100,3,1.00127,0.5722,3.75451,0.0461695,834.651,
audio,1.5,1,15,16,5,100,3,1.00046,0.99,6.94488,0.0490513,834.866,
audio,1.5,10,15,16,5,100,3,1.00076,0.979,6.94488,0.0490513,834.866,
audio,1.5,20,15,16,5,100,3,1.00134,0.9655,6.94488,0.0490513,834.866,
audio,1.5,30,15,16,5,100,3,1.00134,0.973667,6.94488,0.0490513,834.866,
audio,1.5,40,15,16,5,100,3,1.00134,0.97,6.94488,0.0490513,834.866,
audio,1.5,50,15,16,5,100,3,1.00134,0.9428,6.94488,0.0490513,834.866,
audio,1.5,60,15,16,5,100,3,1.00134,0.9575,6.94488,0.0490513,834.866,
audio,1.5,70,15,16,5,100,3,1.00134,0.944286,6.94488,0.0490513,834.866,
audio,1.5,80,15,16,5,100,3,1.00134,0.950125,6.94488,0.0490513,834.866,
audio,1.5,90,15,16,5,100,3,1.00134,0.923667,6.94488,0.0490513,834.866,
audio,1.5,100,15,16,5,100,3,1.00134,0.948,6.94488,0.0490513,834.866,
audio,1.5,1,15,16,5,100,3,1,1,3.57825,0.0471317,834.875,
audio,1.5,10,15,16,5,100,3,1.00145,0.968,3.57825,0.0471317,834.875,
audio,1.5,20,15,16,5,100,3,1.00212,0.957,3.57825,0.0471317,834.875,
audio,1.5,30,15,16,5,100,3,1.00212,0.968,3.57825,0.0471317,834.875,
audio,1.5,40,15,16,5,100,3,1.00212,0.964,3.57825,0.0471317,834.875,
audio,1.5,50,15,16,5,100,3,1.00212,0.9366,3.57825,0.0471317,834.875,
audio,1.5,60,15,16,5,100,3,1.00212,0.951667,3.57825,0.0471317,834.875,
audio,1.5,70,15,16,5,100,3,1.00212,0.939286,3.57825,0.0471317,834.875,
audio,1.5,80,15,16,5,100,3,1.00212,0.9445,3.57825,0.0471317,834.875,
audio,1.5,90,15,16,5,100,3,1.00212,0.917778,3.57825,0.0471317,834.875,
audio,1.5,100,15,16,5,100,3,1.00212,0.9425,3.57825,0.0471317,834.875,
audio,1.5,1,15,16,5,100,3,1.00008,0.99,3.59336,0.0454159,834.889,
audio,1.5,10,15,16,5,100,3,1.00119,0.959,3.59336,0.0454159,834.889,
audio,1.5,20,15,16,5,100,3,1.0025,0.9455,3.59336,0.0454159,834.889,
audio,1.5,30,15,16,5,100,3,1.0025,0.960333,3.59336,0.0454159,834.889,
audio,1.5,40,15,16,5,100,3,1.0025,0.9585,3.59336,0.0454159,834.889,
audio,1.5,50,15,16,5,100,3,1.0025,0.9292,3.59336,0.0454159,834.889,
audio,1.5,60,15,16,5,100,3,1.0025,0.945,3.59336,0.0454159,834.889,
audio,1.5,70,15,16,5,100,3,1.0025,0.934,3.59336,0.0454159,834.889,
audio,1.5,80,15,16,5,100,3,1.0025,0.93775,3.59336,0.0454159,834.889,
audio,1.5,90,15,16,5,100,3,1.0025,0.911889,3.59336,0.0454159,834.889,
audio,1.5,100,15,16,5,100,3,1.0025,0.9368,3.59336,0.0454159,834.889,
audio,1.5,1,15,16,5,100,3,1,1,3.52016,0.0411941,834.892,
audio,1.5,10,15,16,5,100,3,1.00051,0.987,3.52016,0.0411941,834.892,
audio,1.5,20,15,16,5,100,3,1.00093,0.974,3.52016,0.0411941,834.892,
audio,1.5,30,15,16,5,100,3,1.00093,0.979333,3.52016,0.0411941,834.892,
audio,1.5,40,15,16,5,100,3,1.00093,0.975,3.52016,0.0411941,834.892,
audio,1.5,50,15,16,5,100,3,1.00093,0.949,3.52016,0.0411941,834.892,
audio,1.5,60,15,16,5,100,3,1.00093,0.963,3.52016,0.0411941,834.892,
audio,1.5,70,15,16,5,100,3,1.00093,0.949286,3.52016,0.0411941,834.892,
audio,1.5,80,15,16,5,100,3,1.00093,0.955375,3.52016,0.0411941,834.892,
audio,1.5,90,15,16,5,100,3,1.00093,0.929111,3.52016,0.0411941,834.892,
audio,1.5,100,15,16,5,100,3,1.00093,0.9528,3.52016,0.0411941,834.892,
audio,1.5,1,15,16,5,100,3,1,1,3.55029,0.0421168,834.901,
audio,1.5,10,15,16,5,100,3,1.00091,0.976,3.55029,0.0421168,834.901,
audio,1.5,20,15,16,5,100,3,1.00166,0.959,3.55029,0.0421168,834.901,
audio,1.5,30,15,16,5,100,3,1.00166,0.969333,3.55029,0.0421168,834.901,
audio,1.5,40,15,16,5,100,3,1.00166,0.967,3.55029,0.0421168,834.901,
audio,1.5,50,15,16,5,100,3,1.00166,0.9396,3.55029,0.0421168,834.901,
audio,1.5,60,15,16,5,100,3,1.00166,0.953,3.55029,0.0421168,834.901,
audio,1.5,70,15,16,5,100,3,1.00166,0.940429,3.55029,0.0421168,834.901,
audio,1.5,80,15,16,5,100,3,1.00166,0.9465,3.55029,0.0421168,834.901,
audio,1.5,90,15,16,5,100,3,1.00166,0.919,3.55029,0.0421168,834.901,
audio,1.5,100,15,16,5,100,3,1.00166,0.9438,3.55029,0.0421168,834.901,
audio,1.5,1,15,16,5,100,1,1,1,3.94277,0.064464,834.923,
audio,1.5,10,15,16,5,100,1,1.00032,0.988,3.94277,0.064464,834.923,
audio,1.5,20,15,16,5,100,1,1.00064,0.982,3.94277,0.064464,834.923,
audio,1.5,30,15,16,5,100,1,1.00064,0.984667,3.94277,0.064464,834.923,
audio,1.5,40,15,16,5,100,1,1.00064,0.97925,3.94277,0.064464,834.923,
audio,1.5,50,15,16,5,100,1,1.00064,0.9536,3.94277,0.064464,834.923,
audio,1.5,60,15,16,5,100,1,1.00064,0.968333,3.94277,0.064464,834.923,
audio,1.5,70,15,16,5,100,1,1.00064,0.954,3.94277,0.064464,834.923,
audio,1.5,80,15,16,5,100,1,1.00064,0.95975,3.94277,0.064464,834.923,
audio,1.5,90,15,16,5,100,1,1.00064,0.934556,3.94277,0.064464,834.923,
audio,1.5,100,15,16,5,100,1,1.00064,0.9576,3.94277,0.064464,834.923,
audio,1.5,1,15,16,5,100,1,1,1,3.93232,0.0522436,834.924,
audio,1.5,10,15,16,5,100,1,1.00041,0.989,3.93232,0.0522436,834.924,
audio,1.5,20,15,16,5,100,1,1.00065,0.9795,3.93232,0.0522436,834.924,
audio,1.5,30,15,16,5,100,1,1.00065,0.983,3.93232,0.0522436,834.924,
audio,1.5,40,15,16,5,100,1,1.00065,0.97775,3.93232,0.0522436,834.924,
audio,1.5,50,15,16,5,100,1,1.00065,0.9528,3.93232,0.0522436,834.924,
audio,1.5,60,15,16,5,100,1,1.00065,0.966667,3.93232,0.0522436,834.924,
audio,1.5,70,15,16,5,100,1,1.00065,0.952286,3.93232,0.0522436,834.924,
audio,1.5,80,15,16,5,100,1,1.00065,0.95875,3.93232,0.0522436,834.924,
audio,1.5,90,15,16,5,100,1,1.00065,0.932333,3.93232,0.0522436,834.924,
audio,1.5,100,15,16,5,100,1,1.00065,0.956,3.93232,0.0522436,834.924,
imageNet,1.5,1,15,16,5,100,1,1.15481,0.5,185.528,0.0349611,834.925,
imageNet,1.5,10,15,16,5,100,1,1.17606,0.478,185.528,0.0349611,834.925,
imageNet,1.5,20,15,16,5,100,1,1.19376,0.471,185.528,0.0349611,834.925,
imageNet,1.5,30,15,16,5,100,1,1.19376,0.315,185.528,0.0349611,834.925,
imageNet,1.5,40,15,16,5,100,1,1.19376,0.334,185.528,0.0349611,834.925,
imageNet,1.5,50,15,16,5,100,1,1.19376,0.3458,185.528,0.0349611,834.925,
imageNet,1.5,60,15,16,5,100,1,1.19376,0.3305,185.528,0.0349611,834.925,
imageNet,1.5,70,15,16,5,100,1,1.19376,0.297857,185.528,0.0349611,834.925,
imageNet,1.5,80,15,16,5,100,1,1.19376,0.327125,185.528,0.0349611,834.925,
imageNet,1.5,90,15,16,5,100,1,1.19376,0.310222,185.528,0.0349611,834.925,
imageNet,1.5,100,15,16,5,100,1,1.19376,0.2965,185.528,0.0349611,834.925,
notre,1.5,1,15,16,5,100,1,1,1,52.7454,0.0776273,834.925,
notre,1.5,10,15,16,5,100,1,1.00044,0.988,52.7454,0.0776273,834.925,
notre,1.5,20,15,16,5,100,1,1.00117,0.969,52.7454,0.0776273,834.925,
notre,1.5,30,15,16,5,100,1,1.00117,0.647333,52.7454,0.0776273,834.925,
notre,1.5,40,15,16,5,100,1,1.00117,0.653,52.7454,0.0776273,834.925,
notre,1.5,50,15,16,5,100,1,1.00117,0.6878,52.7454,0.0776273,834.925,
notre,1.5,60,15,16,5,100,1,1.00117,0.6485,52.7454,0.0776273,834.925,
notre,1.5,70,15,16,5,100,1,1.00117,0.577857,52.7454,0.0776273,834.925,
notre,1.5,80,15,16,5,100,1,1.00117,0.633375,52.7454,0.0776273,834.925,
notre,1.5,90,15,16,5,100,1,1.00117,0.614556,52.7454,0.0776273,834.925,
notre,1.5,100,15,16,5,100,1,1.00117,0.5762,52.7454,0.0776273,834.925,
ukbench,1.5,1,15,16,5,100,1,1,1,178.813,0.0703925,834.926,
ukbench,1.5,10,15,16,5,100,1,1.0003,0.988,178.813,0.0703925,834.926,
ukbench,1.5,20,15,16,5,100,1,1.00069,0.973,178.813,0.0703925,834.926,
ukbench,1.5,30,15,16,5,100,1,1.00069,0.649667,178.813,0.0703925,834.926,
ukbench,1.5,40,15,16,5,100,1,1.00069,0.655,178.813,0.0703925,834.926,
ukbench,1.5,50,15,16,5,100,1,1.00069,0.6914,178.813,0.0703925,834.926,
ukbench,1.5,60,15,16,5,100,1,1.00069,0.653833,178.813,0.0703925,834.926,
ukbench,1.5,70,15,16,5,100,1,1.00069,0.582571,178.813,0.0703925,834.926,
ukbench,1.5,80,15,16,5,100,1,1.00069,0.638625,178.813,0.0703925,834.926,
ukbench,1.5,90,15,16,5,100,1,1.00069,0.620222,178.813,0.0703925,834.926,
ukbench,1.5,100,15,16,5,100,1,1.00069,0.5826,178.813,0.0703925,834.926,
cifar,1.5,1,15,16,5,100,1,1.00074,0.98,8.80136,0.169447,834.926,
cifar,1.5,10,15,16,5,100,1,1.00225,0.922,8.80136,0.169447,834.926,
cifar,1.5,20,15,16,5,100,1,1.00332,0.902,8.80136,0.169447,834.926,
cifar,1.5,30,15,16,5,100,1,1.00332,0.602333,8.80136,0.169447,834.926,
cifar,1.5,40,15,16,5,100,1,1.00332,0.60975,8.80136,0.169447,834.926,
cifar,1.5,50,15,16,5,100,1,1.00332,0.6482,8.80136,0.169447,834.926,
cifar,1.5,60,15,16,5,100,1,1.00332,0.609,8.80136,0.169447,834.926,
cifar,1.5,70,15,16,5,100,1,1.00332,0.547571,8.80136,0.169447,834.926,
cifar,1.5,80,15,16,5,100,1,1.00332,0.597875,8.80136,0.169447,834.926,
cifar,1.5,90,15,16,5,100,1,1.00332,0.586556,8.80136,0.169447,834.926,
cifar,1.5,100,15,16,5,100,1,1.00332,0.5448,8.80136,0.169447,834.926,
enron,1.5,1,15,16,5,100,1,1.00068,0.99,25.0672,0.127629,834.926,
enron,1.5,10,15,16,5,100,1,1.0005,0.976,25.0672,0.127629,834.926,
enron,1.5,20,15,16,5,100,1,1.0008,0.959,25.0672,0.127629,834.926,
enron,1.5,30,15,16,5,100,1,1.0008,0.640333,25.0672,0.127629,834.926,
enron,1.5,40,15,16,5,100,1,1.0008,0.64875,25.0672,0.127629,834.926,
enron,1.5,50,15,16,5,100,1,1.0008,0.6864,25.0672,0.127629,834.926,
enron,1.5,60,15,16,5,100,1,1.0008,0.647833,25.0672,0.127629,834.926,
enron,1.5,70,15,16,5,100,1,1.0008,0.578571,25.0672,0.127629,834.926,
enron,1.5,80,15,16,5,100,1,1.0008,0.637375,25.0672,0.127629,834.926,
enron,1.5,90,15,16,5,100,1,1.0008,0.622556,25.0672,0.127629,834.926,
enron,1.5,100,15,16,5,100,1,1.0008,0.5823,25.0672,0.127629,834.926,
millionSong,1.5,1,15,16,5,100,1,1.0003,0.98,111.122,0.0318121,834.927,
millionSong,1.5,10,15,16,5,100,1,1.00062,0.969,111.122,0.0318121,834.927,
millionSong,1.5,20,15,16,5,100,1,1.00101,0.9605,111.122,0.0318121,834.927,
millionSong,1.5,30,15,16,5,100,1,1.00101,0.641333,111.122,0.0318121,834.927,
millionSong,1.5,40,15,16,5,100,1,1.00101,0.648,111.122,0.0318121,834.927,
millionSong,1.5,50,15,16,5,100,1,1.00101,0.6862,111.122,0.0318121,834.927,
millionSong,1.5,60,15,16,5,100,1,1.00101,0.646667,111.122,0.0318121,834.927,
millionSong,1.5,70,15,16,5,100,1,1.00101,0.58,111.122,0.0318121,834.927,
millionSong,1.5,80,15,16,5,100,1,1.00101,0.632875,111.122,0.0318121,834.927,
millionSong,1.5,90,15,16,5,100,1,1.00101,0.622444,111.122,0.0318121,834.927,
millionSong,1.5,100,15,16,5,100,1,1.00101,0.5778,111.122,0.0318121,834.927,
MNIST,1.5,1,15,16,5,100,1,1.00017,0.99,10.8843,0.0925435,834.928,
MNIST,1.5,10,15,16,5,100,1,1.00097,0.978,10.8843,0.0925435,834.928,
MNIST,1.5,20,15,16,5,100,1,1.00126,0.967,10.8843,0.0925435,834.928,
MNIST,1.5,30,15,16,5,100,1,1.00126,0.645667,10.8843,0.0925435,834.928,
MNIST,1.5,40,15,16,5,100,1,1.00126,0.653,10.8843,0.0925435,834.928,
MNIST,1.5,50,15,16,5,100,1,1.00126,0.6924,10.8843,0.0925435,834.928,
MNIST,1.5,60,15,16,5,100,1,1.00126,0.655667,10.8843,0.0925435,834.928,
MNIST,1.5,70,15,16,5,100,1,1.00126,0.584429,10.8843,0.0925435,834.928,
MNIST,1.5,80,15,16,5,100,1,1.00126,0.644375,10.8843,0.0925435,834.928,
MNIST,1.5,90,15,16,5,100,1,1.00126,0.628222,10.8843,0.0925435,834.928,
MNIST,1.5,100,15,16,5,100,1,1.00126,0.5894,10.8843,0.0925435,834.928,
nuswide,1.5,1,15,16,5,100,1,1.00209,0.85,71.8622,0.174205,834.928,
nuswide,1.5,10,15,16,5,100,1,1.00205,0.845,71.8622,0.174205,834.928,
nuswide,1.5,20,15,16,5,100,1,1.00232,0.828,71.8622,0.174205,834.928,
nuswide,1.5,30,15,16,5,100,1,1.00232,0.553333,71.8622,0.174205,834.928,
nuswide,1.5,40,15,16,5,100,1,1.00232,0.56475,71.8622,0.174205,834.928,
nuswide,1.5,50,15,16,5,100,1,1.00232,0.5976,71.8622,0.174205,834.928,
nuswide,1.5,60,15,16,5,100,1,1.00232,0.56,71.8622,0.174205,834.928,
nuswide,1.5,70,15,16,5,100,1,1.00232,0.505429,71.8622,0.174205,834.928,
nuswide,1.5,80,15,16,5,100,1,1.00232,0.550875,71.8622,0.174205,834.928,
nuswide,1.5,90,15,16,5,100,1,1.00232,0.541,71.8622,0.174205,834.928,
nuswide,1.5,100,15,16,5,100,1,1.00232,0.5029,71.8622,0.174205,834.928,
sun,1.5,1,15,16,5,100,1,1.00133,0.98,14.9073,0.152891,834.928,
sun,1.5,10,15,16,5,100,1,1.00122,0.954,14.9073,0.152891,834.928,
sun,1.5,20,15,16,5,100,1,1.0016,0.941,14.9073,0.152891,834.928,
sun,1.5,30,15,16,5,100,1,1.0016,0.628333,14.9073,0.152891,834.928,
sun,1.5,40,15,16,5,100,1,1.0016,0.63575,14.9073,0.152891,834.928,
sun,1.5,50,15,16,5,100,1,1.0016,0.6746,14.9073,0.152891,834.928,
sun,1.5,60,15,16,5,100,1,1.0016,0.633,14.9073,0.152891,834.928,
sun,1.5,70,15,16,5,100,1,1.0016,0.571143,14.9073,0.152891,834.928,
sun,1.5,80,15,16,5,100,1,1.0016,0.61975,14.9073,0.152891,834.928,
sun,1.5,90,15,16,5,100,1,1.0016,0.612556,14.9073,0.152891,834.928,
sun,1.5,100,15,16,5,100,1,1.0016,0.5652,14.9073,0.152891,834.928,
deep,1.5,1,15,16,5,100,1,1.00013,0.99,222.095,0.112593,834.929,
deep,1.5,10,15,16,5,100,1,1.00068,0.96,222.095,0.112593,834.929,
deep,1.5,20,15,16,5,100,1,1.00107,0.9505,222.095,0.112593,834.929,
deep,1.5,30,15,16,5,100,1,1.00107,0.634667,222.095,0.112593,834.929,
deep,1.5,40,15,16,5,100,1,1.00107,0.63925,222.095,0.112593,834.929,
deep,1.5,50,15,16,5,100,1,1.00107,0.6734,222.095,0.112593,834.929,
deep,1.5,60,15,16,5,100,1,1.00107,0.636667,222.095,0.112593,834.929,
deep,1.5,70,15,16,5,100,1,1.00107,0.568714,222.095,0.112593,834.929,
deep,1.5,80,15,16,5,100,1,1.00107,0.62075,222.095,0.112593,834.929,
deep,1.5,90,15,16,5,100,1,1.00107,0.605333,222.095,0.112593,834.929,
deep,1.5,100,15,16,5,100,1,1.00107,0.5657,222.095,0.112593,834.929,
trevi,1.5,1,15,16,5,100,1,1.00023,0.99,39.5239,0.0832136,834.93,
trevi,1.5,10,15,16,5,100,1,1.00068,0.977,39.5239,0.0832136,834.93,
trevi,1.5,20,15,16,5,100,1,1.00091,0.9705,39.5239,0.0832136,834.93,
trevi,1.5,30,15,16,5,100,1,1.00091,0.648333,39.5239,0.0832136,834.93,
trevi,1.5,40,15,16,5,100,1,1.00091,0.65375,39.5239,0.0832136,834.93,
trevi,1.5,50,15,16,5,100,1,1.00091,0.6932,39.5239,0.0832136,834.93,
trevi,1.5,60,15,16,5,100,1,1.00091,0.6545,39.5239,0.0832136,834.93,
trevi,1.5,70,15,16,5,100,1,1.00091,0.585,39.5239,0.0832136,834.93,
trevi,1.5,80,15,16,5,100,1,1.00091,0.640625,39.5239,0.0832136,834.93,
trevi,1.5,90,15,16,5,100,1,1.00091,0.626889,39.5239,0.0832136,834.93,
trevi,1.5,100,15,16,5,100,1,1.00091,0.5856,39.5239,0.0832136,834.93,
audio,1.75,1,15,16,5,100,1,1,1,3.00719,0.0309017,834.93,
audio,1.75,10,15,16,5,100,1,1.00112,0.972,3.00719,0.0309017,834.93,
audio,1.75,20,15,16,5,100,1,1.00245,0.9465,3.00719,0.0309017,834.93,
audio,1.75,30,15,16,5,100,1,1.00245,0.961,3.00719,0.0309017,834.93,
audio,1.75,40,15,16,5,100,1,1.00245,0.9595,3.00719,0.0309017,834.93,
audio,1.75,50,15,16,5,100,1,1.00245,0.9306,3.00719,0.0309017,834.93,
audio,1.75,60,15,16,5,100,1,1.00245,0.945333,3.00719,0.0309017,834.93,
audio,1.75,70,15,16,5,100,1,1.00245,0.934571,3.00719,0.0309017,834.93,
audio,1.75,80,15,16,5,100,1,1.00245,0.938875,3.00719,0.0309017,834.93,
audio,1.75,90,15,16,5,100,1,1.00245,0.912667,3.00719,0.0309017,834.93,
audio,1.75,100,15,16,5,100,1,1.00245,0.9374,3.00719,0.0309017,834.93,
imageNet,1.75,1,15,16,5,100,1,1.15867,0.46,167.251,0.0299371,834.93,
imageNet,1.75,10,15,16,5,100,1,1.17761,0.466,167.251,0.0299371,834.93,
imageNet,1.75,20,15,16,5,100,1,1.19751,0.455,167.251,0.0299371,834.93,
imageNet,1.75,30,15,16,5,100,1,1.19751,0.633333,167.251,0.0299371,834.93,
imageNet,1.75,40,15,16,5,100,1,1.19751,0.64475,167.251,0.0299371,834.93,
imageNet,1.75,50,15,16,5,100,1,1.19751,0.5936,167.251,0.0299371,834.93,
imageNet,1.75,60,15,16,5,100,1,1.19751,0.632667,167.251,0.0299371,834.93,
imageNet,1.75,70,15,16,5,100,1,1.19751,0.656857,167.251,0.0299371,834.93,
imageNet,1.75,80,15,16,5,100,1,1.19751,0.6385,167.251,0.0299371,834.93,
imageNet,1.75,90,15,16,5,100,1,1.19751,0.610333,167.251,0.0299371,834.93,
imageNet,1.75,100,15,16,5,100,1,1.19751,0.6627,167.251,0.0299371,834.93,
notre,1.75,1,15,16,5,100,1,1.00024,0.99,49.11,0.069037,834.931,
notre,1.75,10,15,16,5,100,1,1.00056,0.991,49.11,0.069037,834.931,
notre,1.75,20,15,16,5,100,1,1.00102,0.965,49.11,0.069037,834.931,
notre,1.75,30,15,16,5,100,1,1.00102,0.973333,49.11,0.069037,834.931,
notre,1.75,40,15,16,5,100,1,1.00102,0.971,49.11,0.069037,834.931,
notre,1.75,50,15,16,5,100,1,1.00102,0.9452,49.11,0.069037,834.931,
notre,1.75,60,15,16,5,100,1,1.00102,0.957833,49.11,0.069037,834.931,
notre,1.75,70,15,16,5,100,1,1.00102,0.945,49.11,0.069037,834.931,
notre,1.75,80,15,16,5,100,1,1.00102,0.952125,49.11,0.069037,834.931,
notre,1.75,90,15,16,5,100,1,1.00102,0.924444,49.11,0.069037,834.931,
notre,1.75,100,15,16,5,100,1,1.00102,0.9486,49.11,0.069037,834.931,
ukbench,1.75,1,15,16,5,100,1,1,1,161.984,0.0494446,834.931,
ukbench,1.75,10,15,16,5,100,1,1.00105,0.964,161.984,0.0494446,834.931,
ukbench,1.75,20,15,16,5,100,1,1.002,0.948,161.984,0.0494446,834.931,
ukbench,1.75,30,15,16,5,100,1,1.002,0.962,161.984,0.0494446,834.931,
ukbench,1.75,40,15,16,5,100,1,1.002,0.96025,161.984,0.0494446,834.931,
ukbench,1.75,50,15,16,5,100,1,1.002,0.931,161.984,0.0494446,834.931,
ukbench,1.75,60,15,16,5,100,1,1.002,0.946833,161.984,0.0494446,834.931,
ukbench,1.75,70,15,16,5,100,1,1.002,0.935429,161.984,0.0494446,834.931,
ukbench,1.75,80,15,16,5,100,1,1.002,0.941125,161.984,0.0494446,834.931,
ukbench,1.75,90,15,16,5,100,1,1.002,0.913,161.984,0.0494446,834.931,
ukbench,1.75,100,15,16,5,100,1,1.002,0.9399,161.984,0.0494446,834.931,
cifar,1.75,1,15,16,5,100,1,1.00086,0.96,7.3444,0.131242,834.931,
cifar,1.75,10,15,16,5,100,1,1.00187,0.942,7.3444,0.131242,834.931,
cifar,1.75,20,15,16,5,100,1,1.0028,0.9255,7.3444,0.131242,834.931,
cifar,1.75,30,15,16,5,100,1,1.0028,0.947,7.3444,0.131242,834.931,
cifar,1.75,40,15,16,5,100,1,1.0028,0.9475,7.3444,0.131242,834.931,
cifar,1.75,50,15,16,5,100,1,1.0028,0.9182,7.3444,0.131242,834.931,
cifar,1.75,60,15,16,5,100,1,1.0028,0.934333,7.3444,0.131242,834.931,
cifar,1.75,70,15,16,5,100,1,1.0028,0.925143,7.3444,0.131242,834.931,
cifar,1.75,80,15,16,5,100,1,1.0028,0.930125,7.3444,0.131242,834.931,
cifar,1.75,90,15,16,5,100,1,1.0028,0.904333,7.3444,0.131242,834.931,
cifar,1.75,100,15,16,5,100,1,1.0028,0.9298,7.3444,0.131242,834.931,
enron,1.75,1,15,16,5,100,1,1.0009,0.98,17.0175,0.0876244,834.931,
enron,1.75,10,15,16,5,100,1,1.00131,0.956,17.0175,0.0876244,834.931,
enron,1.75,20,15,16,5,100,1,1.00168,0.945,17.0175,0.0876244,834.931,
enron,1.75,30,15,16,5,100,1,1.00168,0.96,17.0175,0.0876244,834.931,
enron,1.75,40,15,16,5,100,1,1.00168,0.95875,17.0175,0.0876244,834.931,
enron,1.75,50,15,16,5,100,1,1.00168,0.9302,17.0175,0.0876244,834.931,
enron,1.75,60,15,16,5,100,1,1.00168,0.947833,17.0175,0.0876244,834.931,
enron,1.75,70,15,16,5,100,1,1.00168,0.933571,17.0175,0.0876244,834.931,
enron,1.75,80,15,16,5,100,1,1.00168,0.943375,17.0175,0.0876244,834.931,
enron,1.75,90,15,16,5,100,1,1.00168,0.914111,17.0175,0.0876244,834.931,
enron,1.75,100,15,16,5,100,1,1.00168,0.9428,17.0175,0.0876244,834.931,
millionSong,1.75,1,15,16,5,100,1,1.00011,0.99,121.989,0.0346244,834.931,
millionSong,1.75,10,15,16,5,100,1,1.00098,0.961,121.989,0.0346244,834.931,
millionSong,1.75,20,15,16,5,100,1,1.0016,0.9395,121.989,0.0346244,834.931,
millionSong,1.75,30,15,16,5,100,1,1.0016,0.956333,121.989,0.0346244,834.931,
millionSong,1.75,40,15,16,5,100,1,1.0016,0.957,121.989,0.0346244,834.931,
millionSong,1.75,50,15,16,5,100,1,1.0016,0.9324,121.989,0.0346244,834.931,
millionSong,1.75,60,15,16,5,100,1,1.0016,0.945667,121.989,0.0346244,834.931,
millionSong,1.75,70,15,16,5,100,1,1.0016,0.936571,121.989,0.0346244,834.931,
millionSong,1.75,80,15,16,5,100,1,1.0016,0.94325,121.989,0.0346244,834.931,
millionSong,1.75,90,15,16,5,100,1,1.0016,0.919667,121.989,0.0346244,834.931,
millionSong,1.75,100,15,16,5,100,1,1.0016,0.9423,121.989,0.0346244,834.931,
MNIST,1.75,1,15,16,5,100,1,1.00014,0.99,9.18965,0.071111,834.931,
MNIST,1.75,10,15,16,5,100,1,1.00138,0.963,9.18965,0.071111,834.931,
MNIST,1.75,20,15,16,5,100,1,1.00256,0.939,9.18965,0.071111,834.931,
MNIST,1.75,30,15,16,5,100,1,1.00256,0.956,9.18965,0.071111,834.931,
MNIST,1.75,40,15,16,5,100,1,1.00256,0.95825,9.18965,0.071111,834.931,
MNIST,1.75,50,15,16,5,100,1,1.00256,0.9276,9.18965,0.071111,834.931,
MNIST,1.75,60,15,16,5,100,1,1.00256,0.947,9.18965,0.071111,834.931,
MNIST,1.75,70,15,16,5,100,1,1.00256,0.933714,9.18965,0.071111,834.931,
MNIST,1.75,80,15,16,5,100,1,1.00256,0.945875,9.18965,0.071111,834.931,
MNIST,1.75,90,15,16,5,100,1,1.00256,0.914222,9.18965,0.071111,834.931,
MNIST,1.75,100,15,16,5,100,1,1.00256,0.945,9.18965,0.071111,834.931,
nuswide,1.75,1,15,16,5,100,1,1.00064,0.9,68.6589,0.160186,834.931,
nuswide,1.75,10,15,16,5,100,1,1.00202,0.845,68.6589,0.160186,834.931,
nuswide,1.75,20,15,16,5,100,1,1.00248,0.8325,68.6589,0.160186,834.931,
nuswide,1.75,30,15,16,5,100,1,1.00248,0.885,68.6589,0.160186,834.931,
nuswide,1.75,40,15,16,5,100,1,1.00248,0.8875,68.6589,0.160186,834.931,
nuswide,1.75,50,15,16,5,100,1,1.00248,0.853,68.6589,0.160186,834.931,
nuswide,1.75,60,15,16,5,100,1,1.00248,0.873333,68.6589,0.160186,834.931,
nuswide,1.75,70,15,16,5,100,1,1.00248,0.871,68.6589,0.160186,834.931,
nuswide,1.75,80,15,16,5,100,1,1.00248,0.87175,68.6589,0.160186,834.931,
nuswide,1.75,90,15,16,5,100,1,1.00248,0.844556,68.6589,0.160186,834.931,
nuswide,1.75,100,15,16,5,100,1,1.00248,0.8764,68.6589,0.160186,834.931,
sun,1.75,1,15,16,5,100,1,1.00061,0.96,12.1613,0.114497,834.931,
sun,1.75,10,15,16,5,100,1,1.00175,0.927,12.1613,0.114497,834.931,
sun,1.75,20,15,16,5,100,1,1.00243,0.9155,12.1613,0.114497,834.931,
sun,1.75,30,15,16,5,100,1,1.00243,0.940333,12.1613,0.114497,834.931,
sun,1.75,40,15,16,5,100,1,1.00243,0.94075,12.1613,0.114497,834.931,
sun,1.75,50,15,16,5,100,1,1.00243,0.911,12.1613,0.114497,834.931,
sun,1.75,60,15,16,5,100,1,1.00243,0.929,12.1613,0.114497,834.931,
sun,1.75,70,15,16,5,100,1,1.00243,0.919571,12.1613,0.114497,834.931,
sun,1.75,80,15,16,5,100,1,1.00243,0.924875,12.1613,0.114497,834.931,
sun,1.75,90,15,16,5,100,1,1.00243,0.898444,12.1613,0.114497,834.931,
sun,1.75,100,15,16,5,100,1,1.00243,0.9255,12.1613,0.114497,834.931,
deep,1.75,1,15,16,5,100,1,1.00031,0.97,201.551,0.0878475,834.932,
deep,1.75,10,15,16,5,100,1,1.00182,0.931,201.551,0.0878475,834.932,
deep,1.75,20,15,16,5,100,1,1.00243,0.9175,201.551,0.0878475,834.932,
deep,1.75,30,15,16,5,100,1,1.00243,0.941667,201.551,0.0878475,834.932,
deep,1.75,40,15,16,5,100,1,1.00243,0.94,201.551,0.0878475,834.932,
deep,1.75,50,15,16,5,100,1,1.00243,0.9082,201.551,0.0878475,834.932,
deep,1.75,60,15,16,5,100,1,1.00243,0.926833,201.551,0.0878475,834.932,
deep,1.75,70,15,16,5,100,1,1.00243,0.917714,201.551,0.0878475,834.932,
deep,1.75,80,15,16,5,100,1,1.00243,0.920875,201.551,0.0878475,834.932,
deep,1.75,90,15,16,5,100,1,1.00243,0.893222,201.551,0.0878475,834.932,
deep,1.75,100,15,16,5,100,1,1.00243,0.9208,201.551,0.0878475,834.932,
trevi,1.75,1,15,16,5,100,1,1,1,48.5844,0.098577,834.932,
trevi,1.75,10,15,16,5,100,1,1.00068,0.974,48.5844,0.098577,834.932,
trevi,1.75,20,15,16,5,100,1,1.00133,0.9575,48.5844,0.098577,834.932,
trevi,1.75,30,15,16,5,100,1,1.00133,0.968333,48.5844,0.098577,834.932,
trevi,1.75,40,15,16,5,100,1,1.00133,0.96725,48.5844,0.098577,834.932,
trevi,1.75,50,15,16,5,100,1,1.00133,0.9376,48.5844,0.098577,834.932,
trevi,1.75,60,15,16,5,100,1,1.00133,0.955333,48.5844,0.098577,834.932,
trevi,1.75,70,15,16,5,100,1,1.00133,0.940429,48.5844,0.098577,834.932,
trevi,1.75,80,15,16,5,100,1,1.00133,0.950625,48.5844,0.098577,834.932,
trevi,1.75,90,15,16,5,100,1,1.00133,0.919333,48.5844,0.098577,834.932,
trevi,1.75,100,15,16,5,100,1,1.00133,0.9491,48.5844,0.098577,834.932,
audio,1.25,1,15,16,5,100,1,1,1,5.02634,0.0969768,834.932,
audio,1.25,10,15,16,5,100,1,1.00012,0.995,5.02634,0.0969768,834.932,
audio,1.25,20,15,16,5,100,1,1.00027,0.9905,5.02634,0.0969768,834.932,
audio,1.25,30,15,16,5,100,1,1.00027,0.990333,5.02634,0.0969768,834.932,
audio,1.25,40,15,16,5,100,1,1.00027,0.984,5.02634,0.0969768,834.932,
audio,1.25,50,15,16,5,100,1,1.00027,0.9588,5.02634,0.0969768,834.932,
audio,1.25,60,15,16,5,100,1,1.00027,0.974,5.02634,0.0969768,834.932,
audio,1.25,70,15,16,5,100,1,1.00027,0.958571,5.02634,0.0969768,834.932,
audio,1.25,80,15,16,5,100,1,1.00027,0.964875,5.02634,0.0969768,834.932,
audio,1.25,90,15,16,5,100,1,1.00027,0.939667,5.02634,0.0969768,834.932,
audio,1.25,100,15,16,5,100,1,1.00027,0.9626,5.02634,0.0969768,834.932,
imageNet,1.25,1,15,16,5,100,1,1.12392,0.49,188.005,0.0493954,834.932,
imageNet,1.25,10,15,16,5,100,1,1.14805,0.488,188.005,0.0493954,834.932,
imageNet,1.25,20,15,16,5,100,1,1.17051,0.485,188.005,0.0493954,834.932,
imageNet,1.25,30,15,16,5,100,1,1.17051,0.653333,188.005,0.0493954,834.932,
imageNet,1.25,40,15,16,5,100,1,1.17051,0.66,188.005,0.0493954,834.932,
imageNet,1.25,50,15,16,5,100,1,1.17051,0.608,188.005,0.0493954,834.932,
imageNet,1.25,60,15,16,5,100,1,1.17051,0.646667,188.005,0.0493954,834.932,
imageNet,1.25,70,15,16,5,100,1,1.17051,0.667714,188.005,0.0493954,834.932,
imageNet,1.25,80,15,16,5,100,1,1.17051,0.65275,188.005,0.0493954,834.932,
imageNet,1.25,90,15,16,5,100,1,1.17051,0.624,188.005,0.0493954,834.932,
imageNet,1.25,100,15,16,5,100,1,1.17051,0.6768,188.005,0.0493954,834.932,
notre,1.25,1,15,16,5,100,1,1.00003,0.99,56.9495,0.0944543,834.932,
notre,1.25,10,15,16,5,100,1,1.00022,0.985,56.9495,0.0944543,834.932,
notre,1.25,20,15,16,5,100,1,1.00075,0.979,56.9495,0.0944543,834.932,
notre,1.25,30,15,16,5,100,1,1.00075,0.982667,56.9495,0.0944543,834.932,
notre,1.25,40,15,16,5,100,1,1.00075,0.97825,56.9495,0.0944543,834.932,
notre,1.25,50,15,16,5,100,1,1.00075,0.9518,56.9495,0.0944543,834.932,
notre,1.25,60,15,16,5,100,1,1.00075,0.966667,56.9495,0.0944543,834.932,
notre,1.25,70,15,16,5,100,1,1.00075,0.952571,56.9495,0.0944543,834.932,
notre,1.25,80,15,16,5,100,1,1.00075,0.95825,56.9495,0.0944543,834.932,
notre,1.25,90,15,16,5,100,1,1.00075,0.933,56.9495,0.0944543,834.932,
notre,1.25,100,15,16,5,100,1,1.00075,0.9565,56.9495,0.0944543,834.932,
ukbench,1.25,1,15,16,5,100,1,1.0015,0.99,183.532,0.0737499,834.932,
ukbench,1.25,10,15,16,5,100,1,1.00022,0.995,183.532,0.0737499,834.932,
ukbench,1.25,20,15,16,5,100,1,1.00024,0.992,183.532,0.0737499,834.932,
ukbench,1.25,30,15,16,5,100,1,1.00024,0.991333,183.532,0.0737499,834.932,
ukbench,1.25,40,15,16,5,100,1,1.00024,0.98575,183.532,0.0737499,834.932,
ukbench,1.25,50,15,16,5,100,1,1.00024,0.9612,183.532,0.0737499,834.932,
ukbench,1.25,60,15,16,5,100,1,1.00024,0.976,183.532,0.0737499,834.932,
ukbench,1.25,70,15,16,5,100,1,1.00024,0.960857,183.532,0.0737499,834.932,
ukbench,1.25,80,15,16,5,100,1,1.00024,0.967375,183.532,0.0737499,834.932,
ukbench,1.25,90,15,16,5,100,1,1.00024,0.942333,183.532,0.0737499,834.932,
ukbench,1.25,100,15,16,5,100,1,1.00024,0.9658,183.532,0.0737499,834.932,
cifar,1.25,1,15,16,5,100,1,1.00013,0.99,8.5056,0.161426,834.932,
cifar,1.25,10,15,16,5,100,1,1.00028,0.984,8.5056,0.161426,834.932,
cifar,1.25,20,15,16,5,100,1,1.00093,0.9715,8.5056,0.161426,834.932,
cifar,1.25,30,15,16,5,100,1,1.00093,0.977667,8.5056,0.161426,834.932,
cifar,1.25,40,15,16,5,100,1,1.00093,0.9755,8.5056,0.161426,834.932,
cifar,1.25,50,15,16,5,100,1,1.00093,0.9506,8.5056,0.161426,834.932,
cifar,1.25,60,15,16,5,100,1,1.00093,0.966167,8.5056,0.161426,834.932,
cifar,1.25,70,15,16,5,100,1,1.00093,0.953286,8.5056,0.161426,834.932,
cifar,1.25,80,15,16,5,100,1,1.00093,0.9605,8.5056,0.161426,834.932,
cifar,1.25,90,15,16,5,100,1,1.00093,0.936556,8.5056,0.161426,834.932,
cifar,1.25,100,15,16,5,100,1,1.00093,0.9591,8.5056,0.161426,834.932,
enron,1.25,1,15,16,5,100,1,1,1,22.6502,0.119928,834.932,
enron,1.25,10,15,16,5,100,1,1.00019,0.987,22.6502,0.119928,834.932,
enron,1.25,20,15,16,5,100,1,1.00033,0.983,22.6502,0.119928,834.932,
enron,1.25,30,15,16,5,100,1,1.00033,0.985333,22.6502,0.119928,834.932,
enron,1.25,40,15,16,5,100,1,1.00033,0.98275,22.6502,0.119928,834.932,
enron,1.25,50,15,16,5,100,1,1.00033,0.9574,22.6502,0.119928,834.932,
enron,1.25,60,15,16,5,100,1,1.00033,0.975667,22.6502,0.119928,834.932,
enron,1.25,70,15,16,5,100,1,1.00033,0.957714,22.6502,0.119928,834.932,
enron,1.25,80,15,16,5,100,1,1.00033,0.971375,22.6502,0.119928,834.932,
enron,1.25,90,15,16,5,100,1,1.00033,0.941444,22.6502,0.119928,834.932,
enron,1.25,100,15,16,5,100,1,1.00033,0.9701,22.6502,0.119928,834.932,
millionSong,1.25,1,15,16,5,100,1,1,0.99,127.364,0.0394964,834.933,
millionSong,1.25,10,15,16,5,100,1,1.00048,0.981,127.364,0.0394964,834.933,
millionSong,1.25,20,15,16,5,100,1,1.00065,0.9785,127.364,0.0394964,834.933,
millionSong,1.25,30,15,16,5,100,1,1.00065,0.982333,127.364,0.0394964,834.933,
millionSong,1.25,40,15,16,5,100,1,1.00065,0.9775,127.364,0.0394964,834.933,
millionSong,1.25,50,15,16,5,100,1,1.00065,0.9546,127.364,0.0394964,834.933,
millionSong,1.25,60,15,16,5,100,1,1.00065,0.969833,127.364,0.0394964,834.933,
millionSong,1.25,70,15,16,5,100,1,1.00065,0.955571,127.364,0.0394964,834.933,
millionSong,1.25,80,15,16,5,100,1,1.00065,0.963625,127.364,0.0394964,834.933,
millionSong,1.25,90,15,16,5,100,1,1.00065,0.939667,127.364,0.0394964,834.933,
millionSong,1.25,100,15,16,5,100,1,1.00065,0.9623,127.364,0.0394964,834.933,
MNIST,1.25,1,15,16,5,100,1,1,1,11.2751,0.101374,834.933,
MNIST,1.25,10,15,16,5,100,1,1.00055,0.985,11.2751,0.101374,834.933,
MNIST,1.25,20,15,16,5,100,1,1.00084,0.9755,11.2751,0.101374,834.933,
MNIST,1.25,30,15,16,5,100,1,1.00084,0.980333,11.2751,0.101374,834.933,
MNIST,1.25,40,15,16,5,100,1,1.00084,0.9785,11.2751,0.101374,834.933,
MNIST,1.25,50,15,16,5,100,1,1.00084,0.9538,11.2751,0.101374,834.933,
MNIST,1.25,60,15,16,5,100,1,1.00084,0.970833,11.2751,0.101374,834.933,
MNIST,1.25,70,15,16,5,100,1,1.00084,0.954,11.2751,0.101374,834.933,
MNIST,1.25,80,15,16,5,100,1,1.00084,0.967375,11.2751,0.101374,834.933,
MNIST,1.25,90,15,16,5,100,1,1.00084,0.937667,11.2751,0.101374,834.933,
MNIST,1.25,100,15,16,5,100,1,1.00084,0.9665,11.2751,0.101374,834.933,
nuswide,1.25,1,15,16,5,100,1,1.00179,0.91,72.6228,0.178521,834.933,
nuswide,1.25,10,15,16,5,100,1,1.00173,0.869,72.6228,0.178521,834.933,
nuswide,1.25,20,15,16,5,100,1,1.00202,0.852,72.6228,0.178521,834.933,
nuswide,1.25,30,15,16,5,100,1,1.00202,0.898,72.6228,0.178521,834.933,
nuswide,1.25,40,15,16,5,100,1,1.00202,0.89875,72.6228,0.178521,834.933,
nuswide,1.25,50,15,16,5,100,1,1.00202,0.87,72.6228,0.178521,834.933,
nuswide,1.25,60,15,16,5,100,1,1.00202,0.8865,72.6228,0.178521,834.933,
nuswide,1.25,70,15,16,5,100,1,1.00202,0.885429,72.6228,0.178521,834.933,
nuswide,1.25,80,15,16,5,100,1,1.00202,0.885875,72.6228,0.178521,834.933,
nuswide,1.25,90,15,16,5,100,1,1.00202,0.863111,72.6228,0.178521,834.933,
nuswide,1.25,100,15,16,5,100,1,1.00202,0.8893,72.6228,0.178521,834.933,
sun,1.25,1,15,16,5,100,1,1.00082,0.99,19.8869,0.162562,834.933,
sun,1.25,10,15,16,5,100,1,1.0005,0.974,19.8869,0.162562,834.933,
sun,1.25,20,15,16,5,100,1,1.00078,0.961,19.8869,0.162562,834.933,
sun,1.25,30,15,16,5,100,1,1.00078,0.970667,19.8869,0.162562,834.933,
sun,1.25,40,15,16,5,100,1,1.00078,0.96825,19.8869,0.162562,834.933,
sun,1.25,50,15,16,5,100,1,1.00078,0.9416,19.8869,0.162562,834.933,
sun,1.25,60,15,16,5,100,1,1.00078,0.959,19.8869,0.162562,834.933,
sun,1.25,70,15,16,5,100,1,1.00078,0.944714,19.8869,0.162562,834.933,
sun,1.25,80,15,16,5,100,1,1.00078,0.95425,19.8869,0.162562,834.933,
sun,1.25,90,15,16,5,100,1,1.00078,0.926556,19.8869,0.162562,834.933,
sun,1.25,100,15,16,5,100,1,1.00078,0.9526,19.8869,0.162562,834.933,
deep,1.25,1,15,16,5,100,1,1.00016,0.99,223.604,0.120121,834.933,
deep,1.25,10,15,16,5,100,1,1.00066,0.971,223.604,0.120121,834.933,
deep,1.25,20,15,16,5,100,1,1.00094,0.959,223.604,0.120121,834.933,
deep,1.25,30,15,16,5,100,1,1.00094,0.969333,223.604,0.120121,834.933,
deep,1.25,40,15,16,5,100,1,1.00094,0.96475,223.604,0.120121,834.933,
deep,1.25,50,15,16,5,100,1,1.00094,0.94,223.604,0.120121,834.933,
deep,1.25,60,15,16,5,100,1,1.00094,0.953667,223.604,0.120121,834.933,
deep,1.25,70,15,16,5,100,1,1.00094,0.943,223.604,0.120121,834.933,
deep,1.25,80,15,16,5,100,1,1.00094,0.947125,223.604,0.120121,834.933,
deep,1.25,90,15,16,5,100,1,1.00094,0.921444,223.604,0.120121,834.933,
deep,1.25,100,15,16,5,100,1,1.00094,0.9446,223.604,0.120121,834.933,
trevi,1.25,1,15,16,5,100,1,1.00055,0.99,59.1087,0.126319,834.933,
trevi,1.25,10,15,16,5,100,1,1.00023,0.991,59.1087,0.126319,834.933,
trevi,1.25,20,15,16,5,100,1,1.00043,0.9805,59.1087,0.126319,834.933,
trevi,1.25,30,15,16,5,100,1,1.00043,0.983667,59.1087,0.126319,834.933,
trevi,1.25,40,15,16,5,100,1,1.00043,0.98025,59.1087,0.126319,834.933,
trevi,1.25,50,15,16,5,100,1,1.00043,0.9536,59.1087,0.126319,834.933,
trevi,1.25,60,15,16,5,100,1,1.00043,0.970667,59.1087,0.126319,834.933,
trevi,1.25,70,15,16,5,100,1,1.00043,0.953286,59.1087,0.126319,834.933,
trevi,1.25,80,15,16,5,100,1,1.00043,0.965375,59.1087,0.126319,834.933,
trevi,1.25,90,15,16,5,100,1,1.00043,0.934,59.1087,0.126319,834.933,
trevi,1.25,100,15,16,5,100,1,1.00043,0.9628,59.1087,0.126319,834.933,
audio,1.5,1,15,16,5,100,20,1,1,3.55586,0.0426293,834.933,
audio,1.5,10,15,16,5,100,20,1.00095,0.968,3.55586,0.0426293,834.933,
audio,1.5,20,15,16,5,100,20,1.0023,0.94,3.55586,0.0426293,834.933,
audio,1.5,30,15,16,5,100,20,1.0023,0.956667,3.55586,0.0426293,834.933,
audio,1.5,40,15,16,5,100,20,1.0023,0.9565,3.55586,0.0426293,834.933,
audio,1.5,50,15,16,5,100,20,1.0023,0.9276,3.55586,0.0426293,834.933,
audio,1.5,60,15,16,5,100,20,1.0023,0.941,3.55586,0.0426293,834.933,
audio,1.5,70,15,16,5,100,20,1.0023,0.930571,3.55586,0.0426293,834.933,
audio,1.5,80,15,16,5,100,20,1.0023,0.936,3.55586,0.0426293,834.933,
audio,1.5,90,15,16,5,100,20,1.0023,0.908444,3.55586,0.0426293,834.933,
audio,1.5,100,15,16,5,100,20,1.0023,0.9334,3.55586,0.0426293,834.933,
imageNet,1.5,1,15,16,5,100,20,1.75269,0,0.05677,1.13529e-05,834.934,
imageNet,1.5,10,15,16,5,100,20,1.92729,0,0.05677,1.13529e-05,834.934,
imageNet,1.5,20,15,16,5,100,20,2.08893,0,0.05677,1.13529e-05,834.934,
imageNet,1.5,30,15,16,5,100,20,2.08893,0.33,0.05677,1.13529e-05,834.934,
imageNet,1.5,40,15,16,5,100,20,2.08893,0.347,0.05677,1.13529e-05,834.934,
imageNet,1.5,50,15,16,5,100,20,2.08893,0.2776,0.05677,1.13529e-05,834.934,
imageNet,1.5,60,15,16,5,100,20,2.08893,0.330333,0.05677,1.13529e-05,834.934,
imageNet,1.5,70,15,16,5,100,20,2.08893,0.396286,0.05677,1.13529e-05,834.934,
imageNet,1.5,80,15,16,5,100,20,2.08893,0.34675,0.05677,1.13529e-05,834.934,
imageNet,1.5,90,15,16,5,100,20,2.08893,0.330222,0.05677,1.13529e-05,834.934,
imageNet,1.5,100,15,16,5,100,20,2.08893,0.3962,0.05677,1.13529e-05,834.934,
notre,1.5,1,15,16,5,100,20,1,1,51.567,0.0666603,834.934,
notre,1.5,10,15,16,5,100,20,1.00022,0.989,51.567,0.0666603,834.934,
notre,1.5,20,15,16,5,100,20,1.00052,0.9835,51.567,0.0666603,834.934,
notre,1.5,30,15,16,5,100,20,1.00052,0.985667,51.567,0.0666603,834.934,
notre,1.5,40,15,16,5,100,20,1.00052,0.98075,51.567,0.0666603,834.934,
notre,1.5,50,15,16,5,100,20,1.00052,0.9554,51.567,0.0666603,834.934,
notre,1.5,60,15,16,5,100,20,1.00052,0.970167,51.567,0.0666603,834.934,
notre,1.5,70,15,16,5,100,20,1.00052,0.955,51.567,0.0666603,834.934,
notre,1.5,80,15,16,5,100,20,1.00052,0.9615,51.567,0.0666603,834.934,
notre,1.5,90,15,16,5,100,20,1.00052,0.935778,51.567,0.0666603,834.934,
notre,1.5,100,15,16,5,100,20,1.00052,0.9597,51.567,0.0666603,834.934,
ukbench,1.5,1,15,16,5,100,20,1,1,193.308,0.0760584,834.934,
ukbench,1.5,10,15,16,5,100,20,1.00026,0.991,193.308,0.0760584,834.934,
ukbench,1.5,20,15,16,5,100,20,1.00067,0.978,193.308,0.0760584,834.934,
ukbench,1.5,30,15,16,5,100,20,1.00067,0.982,193.308,0.0760584,834.934,
ukbench,1.5,40,15,16,5,100,20,1.00067,0.97825,193.308,0.0760584,834.934,
ukbench,1.5,50,15,16,5,100,20,1.00067,0.9534,193.308,0.0760584,834.934,
ukbench,1.5,60,15,16,5,100,20,1.00067,0.968,193.308,0.0760584,834.934,
ukbench,1.5,70,15,16,5,100,20,1.00067,0.954,193.308,0.0760584,834.934,
ukbench,1.5,80,15,16,5,100,20,1.00067,0.960375,193.308,0.0760584,834.934,
ukbench,1.5,90,15,16,5,100,20,1.00067,0.934889,193.308,0.0760584,834.934,
ukbench,1.5,100,15,16,5,100,20,1.00067,0.9598,193.308,0.0760584,834.934,
cifar,1.5,1,15,16,5,100,20,1.45626,0,0.02898,0.0005272,834.934,
cifar,1.5,10,15,16,5,100,20,1.51183,0.002,0.02898,0.0005272,834.934,
cifar,1.5,20,15,16,5,100,20,1.60538,0.002,0.02898,0.0005272,834.934,
cifar,1.5,30,15,16,5,100,20,1.60538,0.331333,0.02898,0.0005272,834.934,
cifar,1.5,40,15,16,5,100,20,1.60538,0.34825,0.02898,0.0005272,834.934,
cifar,1.5,50,15,16,5,100,20,1.60538,0.2798,0.02898,0.0005272,834.934,
cifar,1.5,60,15,16,5,100,20,1.60538,0.332167,0.02898,0.0005272,834.934,
cifar,1.5,70,15,16,5,100,20,1.60538,0.399,0.02898,0.0005272,834.934,
cifar,1.5,80,15,16,5,100,20,1.60538,0.348625,0.02898,0.0005272,834.934,
cifar,1.5,90,15,16,5,100,20,1.60538,0.333111,0.02898,0.0005272,834.934,
cifar,1.5,100,15,16,5,100,20,1.60538,0.3982,0.02898,0.0005272,834.934,
enron,1.5,1,15,16,5,100,20,1.00044,0.99,29.5973,0.130014,834.934,
enron,1.5,10,15,16,5,100,20,1.00098,0.965,29.5973,0.130014,834.934,
enron,1.5,20,15,16,5,100,20,1.00146,0.938,29.5973,0.130014,834.934,
enron,1.5,30,15,16,5,100,20,1.00146,0.955333,29.5973,0.130014,834.934,
enron,1.5,40,15,16,5,100,20,1.00146,0.95625,29.5973,0.130014,834.934,
enron,1.5,50,15,16,5,100,20,1.00146,0.926,29.5973,0.130014,834.934,
enron,1.5,60,15,16,5,100,20,1.00146,0.944333,29.5973,0.130014,834.934,
enron,1.5,70,15,16,5,100,20,1.00146,0.930143,29.5973,0.130014,834.934,
enron,1.5,80,15,16,5,100,20,1.00146,0.941625,29.5973,0.130014,834.934,
enron,1.5,90,15,16,5,100,20,1.00146,0.908,29.5973,0.130014,834.934,
enron,1.5,100,15,16,5,100,20,1.00146,0.9399,29.5973,0.130014,834.934,
millionSong,1.5,1,15,16,5,100,20,1,1,117.728,0.0418259,834.934,
millionSong,1.5,10,15,16,5,100,20,1.00043,0.983,117.728,0.0418259,834.934,
millionSong,1.5,20,15,16,5,100,20,1.00067,0.9735,117.728,0.0418259,834.934,
millionSong,1.5,30,15,16,5,100,20,1.00067,0.979,117.728,0.0418259,834.934,
millionSong,1.5,40,15,16,5,100,20,1.00067,0.97525,117.728,0.0418259,834.934,
millionSong,1.5,50,15,16,5,100,20,1.00067,0.9512,117.728,0.0418259,834.934,
millionSong,1.5,60,15,16,5,100,20,1.00067,0.966167,117.728,0.0418259,834.934,
millionSong,1.5,70,15,16,5,100,20,1.00067,0.952143,117.728,0.0418259,834.934,
millionSong,1.5,80,15,16,5,100,20,1.00067,0.96075,117.728,0.0418259,834.934,
millionSong,1.5,90,15,16,5,100,20,1.00067,0.935444,117.728,0.0418259,834.934,
millionSong,1.5,100,15,16,5,100,20,1.00067,0.9589,117.728,0.0418259,834.934,
MNIST,1.5,1,15,16,5,100,20,1.01711,0.93,11.3292,0.101935,834.934,
MNIST,1.5,10,15,16,5,100,20,1.03167,0.904,11.3292,0.101935,834.934,
MNIST,1.5,20,15,16,5,100,20,1.03521,0.884,11.3292,0.101935,834.934,
MNIST,1.5,30,15,16,5,100,20,1.03521,0.919333,11.3292,0.101935,834.934,
MNIST,1.5,40,15,16,5,100,20,1.03521,0.92125,11.3292,0.101935,834.934,
MNIST,1.5,50,15,16,5,100,20,1.03521,0.8874,11.3292,0.101935,834.934,
MNIST,1.5,60,15,16,5,100,20,1.03521,0.91,11.3292,0.101935,834.934,
MNIST,1.5,70,15,16,5,100,20,1.03521,0.899286,11.3292,0.101935,834.934,
MNIST,1.5,80,15,16,5,100,20,1.03521,0.909125,11.3292,0.101935,834.934,
MNIST,1.5,90,15,16,5,100,20,1.03521,0.876667,11.3292,0.101935,834.934,
MNIST,1.5,100,15,16,5,100,20,1.03521,0.9115,11.3292,0.101935,834.934,
nuswide,1.5,1,15,16,5,100,20,1.0012,0.9,69.3871,0.168773,834.934,
nuswide,1.5,10,15,16,5,100,20,1.00188,0.851,69.3871,0.168773,834.934,
nuswide,1.5,20,15,16,5,100,20,1.00242,0.8245,69.3871,0.168773,834.934,
nuswide,1.5,30,15,16,5,100,20,1.00242,0.879667,69.3871,0.168773,834.934,
nuswide,1.5,40,15,16,5,100,20,1.00242,0.88425,69.3871,0.168773,834.934,
nuswide,1.5,50,15,16,5,100,20,1.00242,0.849,69.3871,0.168773,834.934,
nuswide,1.5,60,15,16,5,100,20,1.00242,0.867667,69.3871,0.168773,834.934,
nuswide,1.5,70,15,16,5,100,20,1.00242,0.866714,69.3871,0.168773,834.934,
nuswide,1.5,80,15,16,5,100,20,1.00242,0.86875,69.3871,0.168773,834.934,
nuswide,1.5,90,15,16,5,100,20,1.00242,0.841,69.3871,0.168773,834.934,
nuswide,1.5,100,15,16,5,100,20,1.00242,0.8731,69.3871,0.168773,834.934,
sun,1.5,1,15,16,5,100,20,1.0002,0.98,12.6449,0.13208,834.934,
sun,1.5,10,15,16,5,100,20,1.00121,0.951,12.6449,0.13208,834.934,
sun,1.5,20,15,16,5,100,20,1.00157,0.9475,12.6449,0.13208,834.934,
sun,1.5,30,15,16,5,100,20,1.00157,0.961667,12.6449,0.13208,834.934,
sun,1.5,40,15,16,5,100,20,1.00157,0.958,12.6449,0.13208,834.934,
sun,1.5,50,15,16,5,100,20,1.00157,0.9316,12.6449,0.13208,834.934,
sun,1.5,60,15,16,5,100,20,1.00157,0.949667,12.6449,0.13208,834.934,
sun,1.5,70,15,16,5,100,20,1.00157,0.936714,12.6449,0.13208,834.934,
sun,1.5,80,15,16,5,100,20,1.00157,0.94375,12.6449,0.13208,834.934,
sun,1.5,90,15,16,5,100,20,1.00157,0.917778,12.6449,0.13208,834.934,
sun,1.5,100,15,16,5,100,20,1.00157,0.9441,12.6449,0.13208,834.934,
deep,1.5,1,15,16,5,100,20,1.66178,0,0.05323,2.581e-05,834.934,
deep,1.5,10,15,16,5,100,20,1.71578,0,0.05323,2.581e-05,834.934,
deep,1.5,20,15,16,5,100,20,1.77993,0,0.05323,2.581e-05,834.934,
deep,1.5,30,15,16,5,100,20,1.77993,0.33,0.05323,2.581e-05,834.934,
deep,1.5,40,15,16,5,100,20,1.77993,0.347,0.05323,2.581e-05,834.934,
deep,1.5,50,15,16,5,100,20,1.77993,0.2778,0.05323,2.581e-05,834.934,
deep,1.5,60,15,16,5,100,20,1.77993,0.3315,0.05323,2.581e-05,834.934,
deep,1.5,70,15,16,5,100,20,1.77993,0.396857,0.05323,2.581e-05,834.934,
deep,1.5,80,15,16,5,100,20,1.77993,0.348125,0.05323,2.581e-05,834.934,
deep,1.5,90,15,16,5,100,20,1.77993,0.331444,0.05323,2.581e-05,834.934,
deep,1.5,100,15,16,5,100,20,1.77993,0.3973,0.05323,2.581e-05,834.934,
trevi,1.5,1,15,16,5,100,20,1,1,55.1275,0.117537,834.935,
trevi,1.5,10,15,16,5,100,20,1.00024,0.991,55.1275,0.117537,834.935,
trevi,1.5,20,15,16,5,100,20,1.00032,0.9845,55.1275,0.117537,834.935,
trevi,1.5,30,15,16,5,100,20,1.00032,0.986333,55.1275,0.117537,834.935,
trevi,1.5,40,15,16,5,100,20,1.00032,0.982,55.1275,0.117537,834.935,
trevi,1.5,50,15,16,5,100,20,1.00032,0.9564,55.1275,0.117537,834.935,
trevi,1.5,60,15,16,5,100,20,1.00032,0.9735,55.1275,0.117537,834.935,
trevi,1.5,70,15,16,5,100,20,1.00032,0.955571,55.1275,0.117537,834.935,
trevi,1.5,80,15,16,5,100,20,1.00032,0.967375,55.1275,0.117537,834.935,
trevi,1.5,90,15,16,5,100,20,1.00032,0.936444,55.1275,0.117537,834.935,
trevi,1.5,100,15,16,5,100,20,1.00032,0.9654,55.1275,0.117537,834.935,
audio,1.5,1,15,16,5,100,300,1,1,3.46969,0.0417948,834.935,
audio,1.5,10,15,16,5,100,300,1.00057,0.979,3.46969,0.0417948,834.935,
audio,1.5,20,15,16,5,100,300,1.0016,0.9565,3.46969,0.0417948,834.935,
audio,1.5,30,15,16,5,100,300,1.0016,0.967667,3.46969,0.0417948,834.935,
audio,1.5,40,15,16,5,100,300,1.0016,0.96675,3.46969,0.0417948,834.935,
audio,1.5,50,15,16,5,100,300,1.0016,0.9386,3.46969,0.0417948,834.935,
audio,1.5,60,15,16,5,100,300,1.0016,0.9525,3.46969,0.0417948,834.935,
audio,1.5,70,15,16,5,100,300,1.0016,0.940714,3.46969,0.0417948,834.935,
audio,1.5,80,15,16,5,100,300,1.0016,0.946625,3.46969,0.0417948,834.935,
audio,1.5,90,15,16,5,100,300,1.0016,0.92,3.46969,0.0417948,834.935,
audio,1.5,100,15,16,5,100,300,1.0016,0.9438,3.46969,0.0417948,834.935,
imageNet,1.5,1,15,16,5,100,300,1.80355,0,0.06072,1.11991e-05,834.935,
imageNet,1.5,10,15,16,5,100,300,2.01344,0,0.06072,1.11991e-05,834.935,
imageNet,1.5,20,15,16,5,100,300,2.23561,0,0.06072,1.11991e-05,834.935,
imageNet,1.5,30,15,16,5,100,300,2.23561,0.33,0.06072,1.11991e-05,834.935,
imageNet,1.5,40,15,16,5,100,300,2.23561,0.347,0.06072,1.11991e-05,834.935,
imageNet,1.5,50,15,16,5,100,300,2.23561,0.2776,0.06072,1.11991e-05,834.935,
imageNet,1.5,60,15,16,5,100,300,2.23561,0.330333,0.06072,1.11991e-05,834.935,
imageNet,1.5,70,15,16,5,100,300,2.23561,0.396286,0.06072,1.11991e-05,834.935,
imageNet,1.5,80,15,16,5,100,300,2.23561,0.34675,0.06072,1.11991e-05,834.935,
imageNet,1.5,90,15,16,5,100,300,2.23561,0.330222,0.06072,1.11991e-05,834.935,
imageNet,1.5,100,15,16,5,100,300,2.23561,0.3962,0.06072,1.11991e-05,834.935,
notre,1.5,1,15,16,5,100,300,1,1,54.4426,0.0818616,834.935,
notre,1.5,10,15,16,5,100,300,1.00013,0.993,54.4426,0.0818616,834.935,
notre,1.5,20,15,16,5,100,300,1.00045,0.982,54.4426,0.0818616,834.935,
notre,1.5,30,15,16,5,100,300,1.00045,0.984667,54.4426,0.0818616,834.935,
notre,1.5,40,15,16,5,100,300,1.00045,0.98025,54.4426,0.0818616,834.935,
notre,1.5,50,15,16,5,100,300,1.00045,0.9542,54.4426,0.0818616,834.935,
notre,1.5,60,15,16,5,100,300,1.00045,0.9685,54.4426,0.0818616,834.935,
notre,1.5,70,15,16,5,100,300,1.00045,0.953857,54.4426,0.0818616,834.935,
notre,1.5,80,15,16,5,100,300,1.00045,0.96075,54.4426,0.0818616,834.935,
notre,1.5,90,15,16,5,100,300,1.00045,0.934333,54.4426,0.0818616,834.935,
notre,1.5,100,15,16,5,100,300,1.00045,0.9582,54.4426,0.0818616,834.935,
ukbench,1.5,1,15,16,5,100,300,1.02813,0.95,176.26,0.0658258,834.935,
ukbench,1.5,10,15,16,5,100,300,1.0284,0.927,176.26,0.0658258,834.935,
ukbench,1.5,20,15,16,5,100,300,1.03144,0.9175,176.26,0.0658258,834.935,
ukbench,1.5,30,15,16,5,100,300,1.03144,0.941667,176.26,0.0658258,834.935,
ukbench,1.5,40,15,16,5,100,300,1.03144,0.94025,176.26,0.0658258,834.935,
ukbench,1.5,50,15,16,5,100,300,1.03144,0.9106,176.26,0.0658258,834.935,
ukbench,1.5,60,15,16,5,100,300,1.03144,0.929333,176.26,0.0658258,834.935,
ukbench,1.5,70,15,16,5,100,300,1.03144,0.918714,176.26,0.0658258,834.935,
ukbench,1.5,80,15,16,5,100,300,1.03144,0.923875,176.26,0.0658258,834.935,
ukbench,1.5,90,15,16,5,100,300,1.03144,0.895667,176.26,0.0658258,834.935,
ukbench,1.5,100,15,16,5,100,300,1.03144,0.9265,176.26,0.0658258,834.935,
cifar,1.5,1,15,16,5,100,300,1.44969,0,0.02486,0.000485,834.935,
cifar,1.5,10,15,16,5,100,300,1.51677,0,0.02486,0.000485,834.935,
cifar,1.5,20,15,16,5,100,300,1.62163,0.0005,0.02486,0.000485,834.935,
cifar,1.5,30,15,16,5,100,300,1.62163,0.330333,0.02486,0.000485,834.935,
cifar,1.5,40,15,16,5,100,300,1.62163,0.34725,0.02486,0.000485,834.935,
cifar,1.5,50,15,16,5,100,300,1.62163,0.2786,0.02486,0.000485,834.935,
cifar,1.5,60,15,16,5,100,300,1.62163,0.331333,0.02486,0.000485,834.935,
cifar,1.5,70,15,16,5,100,300,1.62163,0.397857,0.02486,0.000485,834.935,
cifar,1.5,80,15,16,5,100,300,1.62163,0.347625,0.02486,0.000485,834.935,
cifar,1.5,90,15,16,5,100,300,1.62163,0.331556,0.02486,0.000485,834.935,
cifar,1.5,100,15,16,5,100,300,1.62163,0.397,0.02486,0.000485,834.935,
enron,1.5,1,15,16,5,100,300,1.04323,0.8,17.0893,0.0937799,834.935,
enron,1.5,10,15,16,5,100,300,1.04254,0.779,17.0893,0.0937799,834.935,
enron,1.5,20,15,16,5,100,300,1.05595,0.756,17.0893,0.0937799,834.935,
enron,1.5,30,15,16,5,100,300,1.05595,0.834,17.0893,0.0937799,834.935,
enron,1.5,40,15,16,5,100,300,1.05595,0.83575,17.0893,0.0937799,834.935,
enron,1.5,50,15,16,5,100,300,1.05595,0.801,17.0893,0.0937799,834.935,
enron,1.5,60,15,16,5,100,300,1.05595,0.821667,17.0893,0.0937799,834.935,
enron,1.5,70,15,16,5,100,300,1.05595,0.828143,17.0893,0.0937799,834.935,
enron,1.5,80,15,16,5,100,300,1.05595,0.82175,17.0893,0.0937799,834.935,
enron,1.5,90,15,16,5,100,300,1.05595,0.798556,17.0893,0.0937799,834.935,
enron,1.5,100,15,16,5,100,300,1.05595,0.8298,17.0893,0.0937799,834.935,
millionSong,1.5,1,15,16,5,100,300,1.90175,0.01,0.19636,8.6186e-05,834.935,
millionSong,1.5,10,15,16,5,100,300,2.13763,0.007,0.19636,8.6186e-05,834.935,
millionSong,1.5,20,15,16,5,100,300,2.32855,0.007,0.19636,8.6186e-05,834.935,
millionSong,1.5,30,15,16,5,100,300,2.32855,0.334667,0.19636,8.6186e-05,834.935,
millionSong,1.5,40,15,16,5,100,300,2.32855,0.351,0.19636,8.6186e-05,834.935,
millionSong,1.5,50,15,16,5,100,300,2.32855,0.2822,0.19636,8.6186e-05,834.935,
millionSong,1.5,60,15,16,5,100,300,2.32855,0.335167,0.19636,8.6186e-05,834.935,
millionSong,1.5,70,15,16,5,100,300,2.32855,0.400571,0.19636,8.6186e-05,834.935,
millionSong,1.5,80,15,16,5,100,300,2.32855,0.351625,0.19636,8.6186e-05,834.935,
millionSong,1.5,90,15,16,5,100,300,2.32855,0.335111,0.19636,8.6186e-05,834.935,
millionSong,1.5,100,15,16,5,100,300,2.32855,0.401,0.19636,8.6186e-05,834.935,
MNIST,1.5,1,15,16,5,100,300,2.0374,0,0.03374,0.000368116,834.935,
MNIST,1.5,10,15,16,5,100,300,2.08426,0,0.03374,0.000368116,834.935,
MNIST,1.5,20,15,16,5,100,300,2.11878,0.001,0.03374,0.000368116,834.935,
MNIST,1.5,30,15,16,5,100,300,2.11878,0.330667,0.03374,0.000368116,834.935,
MNIST,1.5,40,15,16,5,100,300,2.11878,0.3485,0.03374,0.000368116,834.935,
MNIST,1.5,50,15,16,5,100,300,2.11878,0.2792,0.03374,0.000368116,834.935,
MNIST,1.5,60,15,16,5,100,300,2.11878,0.335,0.03374,0.000368116,834.935,
MNIST,1.5,70,15,16,5,100,300,2.11878,0.399143,0.03374,0.000368116,834.935,
MNIST,1.5,80,15,16,5,100,300,2.11878,0.35275,0.03374,0.000368116,834.935,
MNIST,1.5,90,15,16,5,100,300,2.11878,0.333778,0.03374,0.000368116,834.935,
MNIST,1.5,100,15,16,5,100,300,2.11878,0.4033,0.03374,0.000368116,834.935,
nuswide,1.5,1,15,16,5,100,300,1.21057,0.02,1.04957,0.00421939,834.935,
nuswide,1.5,10,15,16,5,100,300,1.289,0.021,1.04957,0.00421939,834.935,
nuswide,1.5,20,15,16,5,100,300,1.36324,0.019,1.04957,0.00421939,834.935,
nuswide,1.5,30,15,16,5,100,300,1.36324,0.342667,1.04957,0.00421939,834.935,
nuswide,1.5,40,15,16,5,100,300,1.36324,0.3595,1.04957,0.00421939,834.935,
nuswide,1.5,50,15,16,5,100,300,1.36324,0.2884,1.04957,0.00421939,834.935,
nuswide,1.5,60,15,16,5,100,300,1.36324,0.343167,1.04957,0.00421939,834.935,
nuswide,1.5,70,15,16,5,100,300,1.36324,0.405,1.04957,0.00421939,834.935,
nuswide,1.5,80,15,16,5,100,300,1.36324,0.35975,1.04957,0.00421939,834.935,
nuswide,1.5,90,15,16,5,100,300,1.36324,0.338889,1.04957,0.00421939,834.935,
nuswide,1.5,100,15,16,5,100,300,1.36324,0.4085,1.04957,0.00421939,834.935,
sun,1.5,1,15,16,5,100,300,1.00043,0.99,14.8208,0.154221,834.935,
sun,1.5,10,15,16,5,100,300,1.00059,0.974,14.8208,0.154221,834.935,
sun,1.5,20,15,16,5,100,300,1.00091,0.9605,14.8208,0.154221,834.935,
sun,1.5,30,15,16,5,100,300,1.00091,0.970333,14.8208,0.154221,834.935,
sun,1.5,40,15,16,5,100,300,1.00091,0.969,14.8208,0.154221,834.935,
sun,1.5,50,15,16,5,100,300,1.00091,0.9436,14.8208,0.154221,834.935,
sun,1.5,60,15,16,5,100,300,1.00091,0.960833,14.8208,0.154221,834.935,
sun,1.5,70,15,16,5,100,300,1.00091,0.946429,14.8208,0.154221,834.935,
sun,1.5,80,15,16,5,100,300,1.00091,0.95625,14.8208,0.154221,834.935,
sun,1.5,90,15,16,5,100,300,1.00091,0.929222,14.8208,0.154221,834.935,
sun,1.5,100,15,16,5,100,300,1.00091,0.9548,14.8208,0.154221,834.935,
deep,1.5,1,15,16,5,100,300,1.58472,0,0.04631,2.611e-05,834.935,
deep,1.5,10,15,16,5,100,300,1.69318,0,0.04631,2.611e-05,834.935,
deep,1.5,20,15,16,5,100,300,1.76835,0,0.04631,2.611e-05,834.935,
deep,1.5,30,15,16,5,100,300,1.76835,0.33,0.04631,2.611e-05,834.935,
deep,1.5,40,15,16,5,100,300,1.76835,0.34675,0.04631,2.611e-05,834.935,
deep,1.5,50,15,16,5,100,300,1.76835,0.2782,0.04631,2.611e-05,834.935,
deep,1.5,60,15,16,5,100,300,1.76835,0.3305,0.04631,2.611e-05,834.935,
deep,1.5,70,15,16,5,100,300,1.76835,0.397571,0.04631,2.611e-05,834.935,
deep,1.5,80,15,16,5,100,300,1.76835,0.347125,0.04631,2.611e-05,834.935,
deep,1.5,90,15,16,5,100,300,1.76835,0.331222,0.04631,2.611e-05,834.935,
deep,1.5,100,15,16,5,100,300,1.76835,0.3965,0.04631,2.611e-05,834.935,
trevi,1.5,1,15,16,5,100,300,1,1,58.2793,0.126452,834.936,
trevi,1.5,10,15,16,5,100,300,1.00027,0.989,58.2793,0.126452,834.936,
trevi,1.5,20,15,16,5,100,300,1.00045,0.981,58.2793,0.126452,834.936,
trevi,1.5,30,15,16,5,100,300,1.00045,0.984,58.2793,0.126452,834.936,
trevi,1.5,40,15,16,5,100,300,1.00045,0.98025,58.2793,0.126452,834.936,
trevi,1.5,50,15,16,5,100,300,1.00045,0.953,58.2793,0.126452,834.936,
trevi,1.5,60,15,16,5,100,300,1.00045,0.971,58.2793,0.126452,834.936,
trevi,1.5,70,15,16,5,100,300,1.00045,0.953429,58.2793,0.126452,834.936,
trevi,1.5,80,15,16,5,100,300,1.00045,0.964875,58.2793,0.126452,834.936,
trevi,1.5,90,15,16,5,100,300,1.00045,0.933667,58.2793,0.126452,834.936,
trevi,1.5,100,15,16,5,100,300,1.00045,0.9631,58.2793,0.126452,834.936,
audio,1.5,1,15,16,5,100,1,1,1,3.6588,0.0420005,834.936,
audio,1.5,10,15,16,5,100,1,1.00036,0.98,3.6588,0.0420005,834.936,
audio,1.5,20,15,16,5,100,1,1.00095,0.9625,3.6588,0.0420005,834.936,
audio,1.5,30,15,16,5,100,1,1.00095,0.971667,3.6588,0.0420005,834.936,
audio,1.5,40,15,16,5,100,1,1.00095,0.9695,3.6588,0.0420005,834.936,
audio,1.5,50,15,16,5,100,1,1.00095,0.942,3.6588,0.0420005,834.936,
audio,1.5,60,15,16,5,100,1,1.00095,0.955833,3.6588,0.0420005,834.936,
audio,1.5,70,15,16,5,100,1,1.00095,0.943,3.6588,0.0420005,834.936,
audio,1.5,80,15,16,5,100,1,1.00095,0.94875,3.6588,0.0420005,834.936,
audio,1.5,90,15,16,5,100,1,1.00095,0.921667,3.6588,0.0420005,834.936,
audio,1.5,100,15,16,5,100,1,1.00095,0.9465,3.6588,0.0420005,834.936,
imageNet,1.5,1,15,16,5,100,1,1.15365,0.48,159.02,0.0329965,834.936,
imageNet,1.5,10,15,16,5,100,1,1.1841,0.445,159.02,0.0329965,834.936,
imageNet,1.5,20,15,16,5,100,1,1.20208,0.4425,159.02,0.0329965,834.936,
imageNet,1.5,30,15,16,5,100,1,1.20208,0.625,159.02,0.0329965,834.936,
imageNet,1.5,40,15,16,5,100,1,1.20208,0.63275,159.02,0.0329965,834.936,
imageNet,1.5,50,15,16,5,100,1,1.20208,0.5788,159.02,0.0329965,834.936,
imageNet,1.5,60,15,16,5,100,1,1.20208,0.619333,159.02,0.0329965,834.936,
imageNet,1.5,70,15,16,5,100,1,1.20208,0.644286,159.02,0.0329965,834.936,
imageNet,1.5,80,15,16,5,100,1,1.20208,0.62275,159.02,0.0329965,834.936,
imageNet,1.5,90,15,16,5,100,1,1.20208,0.596333,159.02,0.0329965,834.936,
imageNet,1.5,100,15,16,5,100,1,1.20208,0.6493,159.02,0.0329965,834.936,
notre,1.5,1,15,16,5,100,1,1,1,47.5241,0.046767,834.936,
notre,1.5,10,15,16,5,100,1,1.00161,0.963,47.5241,0.046767,834.936,
notre,1.5,20,15,16,5,100,1,1.00263,0.935,47.5241,0.046767,834.936,
notre,1.5,30,15,16,5,100,1,1.00263,0.953333,47.5241,0.046767,834.936,
notre,1.5,40,15,16,5,100,1,1.00263,0.95325,47.5241,0.046767,834.936,
notre,1.5,50,15,16,5,100,1,1.00263,0.9236,47.5241,0.046767,834.936,
notre,1.5,60,15,16,5,100,1,1.00263,0.937833,47.5241,0.046767,834.936,
notre,1.5,70,15,16,5,100,1,1.00263,0.928286,47.5241,0.046767,834.936,
notre,1.5,80,15,16,5,100,1,1.00263,0.932875,47.5241,0.046767,834.936,
notre,1.5,90,15,16,5,100,1,1.00263,0.904889,47.5241,0.046767,834.936,
notre,1.5,100,15,16,5,100,1,1.00263,0.9308,47.5241,0.046767,834.936,
ukbench,1.5,1,15,16,5,100,1,1.00002,0.99,178.283,0.0490029,834.936,
ukbench,1.5,10,15,16,5,100,1,1.00108,0.967,178.283,0.0490029,834.936,
ukbench,1.5,20,15,16,5,100,1,1.00131,0.9585,178.283,0.0490029,834.936,
ukbench,1.5,30,15,16,5,100,1,1.00131,0.969,178.283,0.0490029,834.936,
ukbench,1.5,40,15,16,5,100,1,1.00131,0.96425,178.283,0.0490029,834.936,
ukbench,1.5,50,15,16,5,100,1,1.00131,0.9394,178.283,0.0490029,834.936,
ukbench,1.5,60,15,16,5,100,1,1.00131,0.954167,178.283,0.0490029,834.936,
ukbench,1.5,70,15,16,5,100,1,1.00131,0.942,178.283,0.0490029,834.936,
ukbench,1.5,80,15,16,5,100,1,1.00131,0.9475,178.283,0.0490029,834.936,
ukbench,1.5,90,15,16,5,100,1,1.00131,0.920889,178.283,0.0490029,834.936,
ukbench,1.5,100,15,16,5,100,1,1.00131,0.9466,178.283,0.0490029,834.936,
cifar,1.5,1,15,16,5,100,1,1.00361,0.95,5.61989,0.0831682,834.936,
cifar,1.5,10,15,16,5,100,1,1.00317,0.92,5.61989,0.0831682,834.936,
cifar,1.5,20,15,16,5,100,1,1.00398,0.889,5.61989,0.0831682,834.936,
cifar,1.5,30,15,16,5,100,1,1.00398,0.922667,5.61989,0.0831682,834.936,
cifar,1.5,40,15,16,5,100,1,1.00398,0.92575,5.61989,0.0831682,834.936,
cifar,1.5,50,15,16,5,100,1,1.00398,0.8984,5.61989,0.0831682,834.936,
cifar,1.5,60,15,16,5,100,1,1.00398,0.915,5.61989,0.0831682,834.936,
cifar,1.5,70,15,16,5,100,1,1.00398,0.908286,5.61989,0.0831682,834.936,
cifar,1.5,80,15,16,5,100,1,1.00398,0.914625,5.61989,0.0831682,834.936,
cifar,1.5,90,15,16,5,100,1,1.00398,0.886556,5.61989,0.0831682,834.936,
cifar,1.5,100,15,16,5,100,1,1.00398,0.9147,5.61989,0.0831682,834.936,
enron,1.5,1,15,16,5,100,1,1.00072,0.99,15.1929,0.0707037,834.936,
enron,1.5,10,15,16,5,100,1,1.00096,0.957,15.1929,0.0707037,834.936,
enron,1.5,20,15,16,5,100,1,1.00157,0.944,15.1929,0.0707037,834.936,
enron,1.5,30,15,16,5,100,1,1.00157,0.959333,15.1929,0.0707037,834.936,
enron,1.5,40,15,16,5,100,1,1.00157,0.959,15.1929,0.0707037,834.936,
enron,1.5,50,15,16,5,100,1,1.00157,0.9328,15.1929,0.0707037,834.936,
enron,1.5,60,15,16,5,100,1,1.00157,0.95,15.1929,0.0707037,834.936,
enron,1.5,70,15,16,5,100,1,1.00157,0.937,15.1929,0.0707037,834.936,
enron,1.5,80,15,16,5,100,1,1.00157,0.9475,15.1929,0.0707037,834.936,
enron,1.5,90,15,16,5,100,1,1.00157,0.920667,15.1929,0.0707037,834.936,
enron,1.5,100,15,16,5,100,1,1.00157,0.9476,15.1929,0.0707037,834.936,
millionSong,1.5,1,15,16,5,100,1,1.00007,0.99,204.804,0.0373773,834.937,
millionSong,1.5,10,15,16,5,100,1,1.00056,0.979,204.804,0.0373773,834.937,
millionSong,1.5,20,15,16,5,100,1,1.00079,0.967,204.804,0.0373773,834.937,
millionSong,1.5,30,15,16,5,100,1,1.00079,0.974667,204.804,0.0373773,834.937,
millionSong,1.5,40,15,16,5,100,1,1.00079,0.97125,204.804,0.0373773,834.937,
millionSong,1.5,50,15,16,5,100,1,1.00079,0.9476,204.804,0.0373773,834.937,
millionSong,1.5,60,15,16,5,100,1,1.00079,0.9625,204.804,0.0373773,834.937,
millionSong,1.5,70,15,16,5,100,1,1.00079,0.949286,204.804,0.0373773,834.937,
millionSong,1.5,80,15,16,5,100,1,1.00079,0.957625,204.804,0.0373773,834.937,
millionSong,1.5,90,15,16,5,100,1,1.00079,0.932667,204.804,0.0373773,834.937,
millionSong,1.5,100,15,16,5,100,1,1.00079,0.9561,204.804,0.0373773,834.937,
MNIST,1.5,1,15,16,5,100,1,1.00199,0.99,8.17904,0.0557748,834.937,
MNIST,1.5,10,15,16,5,100,1,1.00179,0.963,8.17904,0.0557748,834.937,
MNIST,1.5,20,15,16,5,100,1,1.00286,0.936,8.17904,0.0557748,834.937,
MNIST,1.5,30,15,16,5,100,1,1.00286,0.954,8.17904,0.0557748,834.937,
MNIST,1.5,40,15,16,5,100,1,1.00286,0.95525,8.17904,0.0557748,834.937,
MNIST,1.5,50,15,16,5,100,1,1.00286,0.9268,8.17904,0.0557748,834.937,
MNIST,1.5,60,15,16,5,100,1,1.00286,0.944167,8.17904,0.0557748,834.937,
MNIST,1.5,70,15,16,5,100,1,1.00286,0.931571,8.17904,0.0557748,834.937,
MNIST,1.5,80,15,16,5,100,1,1.00286,0.9415,8.17904,0.0557748,834.937,
MNIST,1.5,90,15,16,5,100,1,1.00286,0.911333,8.17904,0.0557748,834.937,
MNIST,1.5,100,15,16,5,100,1,1.00286,0.9402,8.17904,0.0557748,834.937,
nuswide,1.5,1,15,16,5,100,1,1.00325,0.72,54.4016,0.0895398,834.937,
nuswide,1.5,10,15,16,5,100,1,1.00421,0.712,54.4016,0.0895398,834.937,
nuswide,1.5,20,15,16,5,100,1,1.00468,0.715,54.4016,0.0895398,834.937,
nuswide,1.5,30,15,16,5,100,1,1.00468,0.807,54.4016,0.0895398,834.937,
nuswide,1.5,40,15,16,5,100,1,1.00468,0.80675,54.4016,0.0895398,834.937,
nuswide,1.5,50,15,16,5,100,1,1.00468,0.771,54.4016,0.0895398,834.937,
nuswide,1.5,60,15,16,5,100,1,1.00468,0.7965,54.4016,0.0895398,834.937,
nuswide,1.5,70,15,16,5,100,1,1.00468,0.805286,54.4016,0.0895398,834.937,
nuswide,1.5,80,15,16,5,100,1,1.00468,0.79675,54.4016,0.0895398,834.937,
nuswide,1.5,90,15,16,5,100,1,1.00468,0.775778,54.4016,0.0895398,834.937,
nuswide,1.5,100,15,16,5,100,1,1.00468,0.8096,54.4016,0.0895398,834.937,
sun,1.5,1,15,16,5,100,1,1.00053,0.95,10.6066,0.0909185,834.937,
sun,1.5,10,15,16,5,100,1,1.00202,0.924,10.6066,0.0909185,834.937,
sun,1.5,20,15,16,5,100,1,1.00294,0.8895,10.6066,0.0909185,834.937,
sun,1.5,30,15,16,5,100,1,1.00294,0.923,10.6066,0.0909185,834.937,
sun,1.5,40,15,16,5,100,1,1.00294,0.92475,10.6066,0.0909185,834.937,
sun,1.5,50,15,16,5,100,1,1.00294,0.8928,10.6066,0.0909185,834.937,
sun,1.5,60,15,16,5,100,1,1.00294,0.9115,10.6066,0.0909185,834.937,
sun,1.5,70,15,16,5,100,1,1.00294,0.904143,10.6066,0.0909185,834.937,
sun,1.5,80,15,16,5,100,1,1.00294,0.909875,10.6066,0.0909185,834.937,
sun,1.5,90,15,16,5,100,1,1.00294,0.881555,10.6066,0.0909185,834.937,
sun,1.5,100,15,16,5,100,1,1.00294,0.91,10.6066,0.0909185,834.937,
deep,1.5,1,15,16,5,100,1,1.00035,0.99,192.062,0.067866,834.937,
deep,1.5,10,15,16,5,100,1,1.00115,0.946,192.062,0.067866,834.937,
deep,1.5,20,15,16,5,100,1,1.00172,0.9335,192.062,0.067866,834.937,
deep,1.5,30,15,16,5,100,1,1.00172,0.952333,192.062,0.067866,834.937,
deep,1.5,40,15,16,5,100,1,1.00172,0.94875,192.062,0.067866,834.937,
deep,1.5,50,15,16,5,100,1,1.00172,0.917,192.062,0.067866,834.937,
deep,1.5,60,15,16,5,100,1,1.00172,0.935167,192.062,0.067866,834.937,
deep,1.5,70,15,16,5,100,1,1.00172,0.924857,192.062,0.067866,834.937,
deep,1.5,80,15,16,5,100,1,1.00172,0.928,192.062,0.067866,834.937,
deep,1.5,90,15,16,5,100,1,1.00172,0.899222,192.062,0.067866,834.937,
deep,1.5,100,15,16,5,100,1,1.00172,0.9274,192.062,0.067866,834.937,
trevi,1.5,1,15,16,5,100,1,1,1,34.9291,0.0703889,834.937,
trevi,1.5,10,15,16,5,100,1,1.00099,0.975,34.9291,0.0703889,834.937,
trevi,1.5,20,15,16,5,100,1,1.0013,0.9585,34.9291,0.0703889,834.937,
trevi,1.5,30,15,16,5,100,1,1.0013,0.969,34.9291,0.0703889,834.937,
trevi,1.5,40,15,16,5,100,1,1.0013,0.967,34.9291,0.0703889,834.937,
trevi,1.5,50,15,16,5,100,1,1.0013,0.9378,34.9291,0.0703889,834.937,
trevi,1.5,60,15,16,5,100,1,1.0013,0.956333,34.9291,0.0703889,834.937,
trevi,1.5,70,15,16,5,100,1,1.0013,0.940571,34.9291,0.0703889,834.937,
trevi,1.5,80,15,16,5,100,1,1.0013,0.951375,34.9291,0.0703889,834.937,
trevi,1.5,90,15,16,5,100,1,1.0013,0.919222,34.9291,0.0703889,834.937,
trevi,1.5,100,15,16,5,100,1,1.0013,0.9501,34.9291,0.0703889,834.937,
audio,1.5,1,15,16,5,100,1,1,1,3.95398,0.0634079,834.937,
audio,1.5,10,15,16,5,100,1,1.00037,0.985,3.95398,0.0634079,834.937,
audio,1.5,20,15,16,5,100,1,1.00089,0.9755,3.95398,0.0634079,834.937,
audio,1.5,30,15,16,5,100,1,1.00089,0.980333,3.95398,0.0634079,834.937,
audio,1.5,40,15,16,5,100,1,1.00089,0.97675,3.95398,0.0634079,834.937,
audio,1.5,50,15,16,5,100,1,1.00089,0.9494,3.95398,0.0634079,834.937,
audio,1.5,60,15,16,5,100,1,1.00089,0.964167,3.95398,0.0634079,834.937,
audio,1.5,70,15,16,5,100,1,1.00089,0.950571,3.95398,0.0634079,834.937,
audio,1.5,80,15,16,5,100,1,1.00089,0.955875,3.95398,0.0634079,834.937,
audio,1.5,90,15,16,5,100,1,1.00089,0.930556,3.95398,0.0634079,834.937,
audio,1.5,100,15,16,5,100,1,1.00089,0.9538,3.95398,0.0634079,834.937,
imageNet,1.5,1,15,16,5,100,1,1.15416,0.5,217.953,0.055844,834.938,
imageNet,1.5,10,15,16,5,100,1,1.1806,0.475,217.953,0.055844,834.938,
imageNet,1.5,20,15,16,5,100,1,1.1997,0.4695,217.953,0.055844,834.938,
imageNet,1.5,30,15,16,5,100,1,1.1997,0.643,217.953,0.055844,834.938,
imageNet,1.5,40,15,16,5,100,1,1.1997,0.6545,217.953,0.055844,834.938,
imageNet,1.5,50,15,16,5,100,1,1.1997,0.6008,217.953,0.055844,834.938,
imageNet,1.5,60,15,16,5,100,1,1.1997,0.642833,217.953,0.055844,834.938,
imageNet,1.5,70,15,16,5,100,1,1.1997,0.664143,217.953,0.055844,834.938,
imageNet,1.5,80,15,16,5,100,1,1.1997,0.648375,217.953,0.055844,834.938,
imageNet,1.5,90,15,16,5,100,1,1.1997,0.618889,217.953,0.055844,834.938,
imageNet,1.5,100,15,16,5,100,1,1.1997,0.6732,217.953,0.055844,834.938,
notre,1.5,1,15,16,5,100,1,1,1,52.0942,0.0681599,834.938,
notre,1.5,10,15,16,5,100,1,1.00042,0.982,52.0942,0.0681599,834.938,
notre,1.5,20,15,16,5,100,1,1.00124,0.9655,52.0942,0.0681599,834.938,
notre,1.5,30,15,16,5,100,1,1.00124,0.973667,52.0942,0.0681599,834.938,
notre,1.5,40,15,16,5,100,1,1.00124,0.97125,52.0942,0.0681599,834.938,
notre,1.5,50,15,16,5,100,1,1.00124,0.9442,52.0942,0.0681599,834.938,
notre,1.5,60,15,16,5,100,1,1.00124,0.957833,52.0942,0.0681599,834.938,
notre,1.5,70,15,16,5,100,1,1.00124,0.944714,52.0942,0.0681599,834.938,
notre,1.5,80,15,16,5,100,1,1.00124,0.951125,52.0942,0.0681599,834.938,
notre,1.5,90,15,16,5,100,1,1.00124,0.923778,52.0942,0.0681599,834.938,
notre,1.5,100,15,16,5,100,1,1.00124,0.9488,52.0942,0.0681599,834.938,
ukbench,1.5,1,15,16,5,100,1,1.00086,0.99,179.835,0.0649513,834.938,
ukbench,1.5,10,15,16,5,100,1,1.00052,0.985,179.835,0.0649513,834.938,
ukbench,1.5,20,15,16,5,100,1,1.00091,0.9695,179.835,0.0649513,834.938,
ukbench,1.5,30,15,16,5,100,1,1.00091,0.976333,179.835,0.0649513,834.938,
ukbench,1.5,40,15,16,5,100,1,1.00091,0.9735,179.835,0.0649513,834.938,
ukbench,1.5,50,15,16,5,100,1,1.00091,0.9474,179.835,0.0649513,834.938,
ukbench,1.5,60,15,16,5,100,1,1.00091,0.961833,179.835,0.0649513,834.938,
ukbench,1.5,70,15,16,5,100,1,1.00091,0.948571,179.835,0.0649513,834.938,
ukbench,1.5,80,15,16,5,100,1,1.00091,0.955125,179.835,0.0649513,834.938,
ukbench,1.5,90,15,16,5,100,1,1.00091,0.928778,179.835,0.0649513,834.938,
ukbench,1.5,100,15,16,5,100,1,1.00091,0.9541,179.835,0.0649513,834.938,
cifar,1.5,1,15,16,5,100,1,1.00044,0.97,9.901,0.198518,834.938,
cifar,1.5,10,15,16,5,100,1,1.00082,0.98,9.901,0.198518,834.938,
cifar,1.5,20,15,16,5,100,1,1.00108,0.9665,9.901,0.198518,834.938,
cifar,1.5,30,15,16,5,100,1,1.00108,0.974333,9.901,0.198518,834.938,
cifar,1.5,40,15,16,5,100,1,1.00108,0.97125,9.901,0.198518,834.938,
cifar,1.5,50,15,16,5,100,1,1.00108,0.948,9.901,0.198518,834.938,
cifar,1.5,60,15,16,5,100,1,1.00108,0.963,9.901,0.198518,834.938,
cifar,1.5,70,15,16,5,100,1,1.00108,0.950429,9.901,0.198518,834.938,
cifar,1.5,80,15,16,5,100,1,1.00108,0.958125,9.901,0.198518,834.938,
cifar,1.5,90,15,16,5,100,1,1.00108,0.933778,9.901,0.198518,834.938,
cifar,1.5,100,15,16,5,100,1,1.00108,0.9562,9.901,0.198518,834.938,
enron,1.5,1,15,16,5,100,1,1,1,25.1151,0.132245,834.938,
enron,1.5,10,15,16,5,100,1,1.00053,0.978,25.1151,0.132245,834.938,
enron,1.5,20,15,16,5,100,1,1.00067,0.9725,25.1151,0.132245,834.938,
enron,1.5,30,15,16,5,100,1,1.00067,0.978667,25.1151,0.132245,834.938,
enron,1.5,40,15,16,5,100,1,1.00067,0.976,25.1151,0.132245,834.938,
enron,1.5,50,15,16,5,100,1,1.00067,0.9504,25.1151,0.132245,834.938,
enron,1.5,60,15,16,5,100,1,1.00067,0.969333,25.1151,0.132245,834.938,
enron,1.5,70,15,16,5,100,1,1.00067,0.952286,25.1151,0.132245,834.938,
enron,1.5,80,15,16,5,100,1,1.00067,0.966,25.1151,0.132245,834.938,
enron,1.5,90,15,16,5,100,1,1.00067,0.935667,25.1151,0.132245,834.938,
enron,1.5,100,15,16,5,100,1,1.00067,0.9652,25.1151,0.132245,834.938,
millionSong,1.5,1,15,16,5,100,1,1,0.99,134.154,0.0442437,834.938,
millionSong,1.5,10,15,16,5,100,1,1.00058,0.968,134.154,0.0442437,834.938,
millionSong,1.5,20,15,16,5,100,1,1.0011,0.9545,134.154,0.0442437,834.938,
millionSong,1.5,30,15,16,5,100,1,1.0011,0.966333,134.154,0.0442437,834.938,
millionSong,1.5,40,15,16,5,100,1,1.0011,0.96525,134.154,0.0442437,834.938,
millionSong,1.5,50,15,16,5,100,1,1.0011,0.9398,134.154,0.0442437,834.938,
millionSong,1.5,60,15,16,5,100,1,1.0011,0.954,134.154,0.0442437,834.938,
millionSong,1.5,70,15,16,5,100,1,1.0011,0.943,134.154,0.0442437,834.938,
millionSong,1.5,80,15,16,5,100,1,1.0011,0.949375,134.154,0.0442437,834.938,
millionSong,1.5,90,15,16,5,100,1,1.0011,0.925111,134.154,0.0442437,834.938,
millionSong,1.5,100,15,16,5,100,1,1.0011,0.9487,134.154,0.0442437,834.938,
MNIST,1.5,1,15,16,5,100,1,1,1,10.8791,0.0915175,834.938,
MNIST,1.5,10,15,16,5,100,1,1.00083,0.983,10.8791,0.0915175,834.938,
MNIST,1.5,20,15,16,5,100,1,1.00165,0.962,10.8791,0.0915175,834.938,
MNIST,1.5,30,15,16,5,100,1,1.00165,0.971333,10.8791,0.0915175,834.938,
MNIST,1.5,40,15,16,5,100,1,1.00165,0.97175,10.8791,0.0915175,834.938,
MNIST,1.5,50,15,16,5,100,1,1.00165,0.9434,10.8791,0.0915175,834.938,
MNIST,1.5,60,15,16,5,100,1,1.00165,0.961833,10.8791,0.0915175,834.938,
MNIST,1.5,70,15,16,5,100,1,1.00165,0.946714,10.8791,0.0915175,834.938,
MNIST,1.5,80,15,16,5,100,1,1.00165,0.95975,10.8791,0.0915175,834.938,
MNIST,1.5,90,15,16,5,100,1,1.00165,0.929778,10.8791,0.0915175,834.938,
MNIST,1.5,100,15,16,5,100,1,1.00165,0.9579,10.8791,0.0915175,834.938,
nuswide,1.5,1,15,16,5,100,1,1.00021,0.96,110.266,0.332522,834.939,
nuswide,1.5,10,15,16,5,100,1,1.00062,0.938,110.266,0.332522,834.939,
nuswide,1.5,20,15,16,5,100,1,1.00087,0.926,110.266,0.332522,834.939,
nuswide,1.5,30,15,16,5,100,1,1.00087,0.947333,110.266,0.332522,834.939,
nuswide,1.5,40,15,16,5,100,1,1.00087,0.94625,110.266,0.332522,834.939,
nuswide,1.5,50,15,16,5,100,1,1.00087,0.92,110.266,0.332522,834.939,
nuswide,1.5,60,15,16,5,100,1,1.00087,0.935333,110.266,0.332522,834.939,
nuswide,1.5,70,15,16,5,100,1,1.00087,0.926286,110.266,0.332522,834.939,
nuswide,1.5,80,15,16,5,100,1,1.00087,0.932375,110.266,0.332522,834.939,
nuswide,1.5,90,15,16,5,100,1,1.00087,0.906889,110.266,0.332522,834.939,
nuswide,1.5,100,15,16,5,100,1,1.00087,0.9326,110.266,0.332522,834.939,
sun,1.5,1,15,16,5,100,1,1.00023,0.98,15.3524,0.128599,834.939,
sun,1.5,10,15,16,5,100,1,1.00107,0.956,15.3524,0.128599,834.939,
sun,1.5,20,15,16,5,100,1,1.0015,0.9465,15.3524,0.128599,834.939,
sun,1.5,30,15,16,5,100,1,1.0015,0.961,15.3524,0.128599,834.939,
sun,1.5,40,15,16,5,100,1,1.0015,0.958,15.3524,0.128599,834.939,
sun,1.5,50,15,16,5,100,1,1.0015,0.9288,15.3524,0.128599,834.939,
sun,1.5,60,15,16,5,100,1,1.0015,0.948333,15.3524,0.128599,834.939,
sun,1.5,70,15,16,5,100,1,1.0015,0.935286,15.3524,0.128599,834.939,
sun,1.5,80,15,16,5,100,1,1.0015,0.94325,15.3524,0.128599,834.939,
sun,1.5,90,15,16,5,100,1,1.0015,0.915778,15.3524,0.128599,834.939,
sun,1.5,100,15,16,5,100,1,1.0015,0.9428,15.3524,0.128599,834.939,
deep,1.5,1,15,16,5,100,1,1.00038,0.99,237.671,0.143559,834.939,
deep,1.5,10,15,16,5,100,1,1.0008,0.969,237.671,0.143559,834.939,
deep,1.5,20,15,16,5,100,1,1.00121,0.956,237.671,0.143559,834.939,
deep,1.5,30,15,16,5,100,1,1.00121,0.967333,237.671,0.143559,834.939,
deep,1.5,40,15,16,5,100,1,1.00121,0.96475,237.671,0.143559,834.939,
deep,1.5,50,15,16,5,100,1,1.00121,0.9354,237.671,0.143559,834.939,
deep,1.5,60,15,16,5,100,1,1.00121,0.954167,237.671,0.143559,834.939,
deep,1.5,70,15,16,5,100,1,1.00121,0.940857,237.671,0.143559,834.939,
deep,1.5,80,15,16,5,100,1,1.00121,0.947375,237.671,0.143559,834.939,
deep,1.5,90,15,16,5,100,1,1.00121,0.919222,237.671,0.143559,834.939,
deep,1.5,100,15,16,5,100,1,1.00121,0.9461,237.671,0.143559,834.939,
trevi,1.5,1,15,16,5,100,1,1,1,53.7698,0.106488,834.939,
trevi,1.5,10,15,16,5,100,1,1.00023,0.988,53.7698,0.106488,834.939,
trevi,1.5,20,15,16,5,100,1,1.00054,0.9775,53.7698,0.106488,834.939,
trevi,1.5,30,15,16,5,100,1,1.00054,0.981667,53.7698,0.106488,834.939,
trevi,1.5,40,15,16,5,100,1,1.00054,0.97925,53.7698,0.106488,834.939,
trevi,1.5,50,15,16,5,100,1,1.00054,0.9542,53.7698,0.106488,834.939,
trevi,1.5,60,15,16,5,100,1,1.00054,0.972167,53.7698,0.106488,834.939,
trevi,1.5,70,15,16,5,100,1,1.00054,0.954143,53.7698,0.106488,834.939,
trevi,1.5,80,15,16,5,100,1,1.00054,0.967125,53.7698,0.106488,834.939,
trevi,1.5,90,15,16,5,100,1,1.00054,0.936111,53.7698,0.106488,834.939,
trevi,1.5,100,15,16,5,100,1,1.00054,0.9652,53.7698,0.106488,834.939,
